"last_name","first_name","middle_name","date_of_birth","age_at_admission","race","sex","admission_date","discharge_date","length_of_stay_days","admission_type","chief_complaint","primary_diagnosis_code","primary_diagnosis_description","discharge_disposition","payer"
"Singh","Roberto","","1934-11-21","90","Black or African American","Male","2025-01-17","2025-01-27","10","Elective","Respiratory distress","J96","Respiratory failure","Inpatient Rehabilitation Facility","Medicare"
"Rogers","Nicholas","","1985-08-08","39","Unknown","Male","2025-04-22","2025-04-27","5","Urgent","Fever / chills / hypotension / altered mental status","A41","Sepsis","Another Short-Term Hospital","Medicare"
"Lebedev","Mary","Marcus","1955-04-10","69","White","Female","2025-03-21","2025-04-07","17","Emergency","Traumatic injury","T14","Injury of unspecified body region","Home / Self Care","Medicare"
"Liang","Monique","","1980-09-28","44","White","Female","2025-03-10","2025-03-20","10","Emergency","Shortness of breath / leg swelling","I50","Heart failure","Skilled Nursing Facility","Commercial/Private Insurance"
"Lin","Katherine","","1936-03-03","89","White","Female","2025-04-09","2025-04-12","3","Urgent","Decreased urine output / swelling","N17","Acute kidney failure","Expired","Medicare"
"Payne","Alejandro","Hope","1958-10-06","66","Asian","Male","2025-04-14","2025-04-15","1","Emergency","Elevated blood sugar / fatigue / frequent urination","E11","Type 2 diabetes mellitus","Home / Self Care","Medicare"
"Liu","Jinho","Lucia","1963-08-01","61","Asian","Male","2025-02-04","2025-02-07","3","Urgent","Dizziness / weakness / decreased urine output","E86","Volume depletion/dehydration","Skilled Nursing Facility","Other Government"
"White","Emma","Esperanza","1971-08-14","53","White","Female","2025-01-23","2025-02-03","11","Emergency","Fever / infection","A49","Bacterial infection, unspecified","Home / Self Care","Medicaid"
"Tran","Leilani","Deepa","1978-07-30","46","White","Female","2025-02-19","2025-02-23","4","Emergency","Elevated blood sugar / fatigue / frequent urination","E11","Type 2 diabetes mellitus","Skilled Nursing Facility","Medicaid"
"Nguyen","Fatima","Jiyeon","1934-09-06","90","White","Female","2025-03-28","2025-03-30","2","Urgent","Shortness of breath / leg swelling","I50","Heart failure","Home / Self Care","Medicare"
"Roberts","Divya","Shanice","1969-01-18","56","White","Female","2025-01-26","2025-01-27","1","Elective","Fatigue / weakness / pallor","D64","Other anemias","Home / Self Care","Commercial/Private Insurance"
"Sanders","Ming","Kenneth","2006-08-27","18","White","Male","2025-07-31","2025-08-04","4","Urgent","Abdominal pain / bloating","K57","Diverticular disease of intestine","Home / Self Care","Commercial/Private Insurance"
"Anderson","Daisuke","Ming","1951-03-19","74","Unknown","Male","2025-07-10","2025-07-16","6","Urgent","Elevated blood sugar / fatigue / frequent urination","E11","Type 2 diabetes mellitus","Home / Self Care","Medicare"
"Gonzalez","Aisha","","1976-08-26","48","Unknown","Female","2025-07-29","2025-08-02","4","Emergency","Shortness of breath / wheezing","J44","Chronic obstructive pulmonary disease","Home / Self Care","Commercial/Private Insurance"
"Edwards","Sanjay","Yang","2010-04-20","15","White","Male","2025-07-02","2025-07-08","6","Urgent","Dizziness / weakness / decreased urine output","E86","Volume depletion/dehydration","Skilled Nursing Facility","Commercial/Private Insurance"
"Gupta","Anthony","K.","2014-09-27","10","White","Male","2025-05-26","2025-05-30","4","Emergency","Decreased urine output / swelling","N17","Acute kidney failure","Home with Home Health Services","Commercial/Private Insurance"
"Campbell","Ravi","","1983-08-16","41","White","Male","2025-02-02","2025-02-06","4","Emergency","Wheezing / shortness of breath","J45","Asthma","Home / Self Care","Commercial/Private Insurance"
"Nguyen","Khalid","J.","1933-06-22","91","White","Male","2025-05-25","2025-05-26","1","Urgent","Back pain / fall","M80","Osteoporosis with pathological fracture","Home / Self Care","Medicare"
"Sullivan","Yan","Huong","1982-02-23","43","White","Female","2025-03-19","2025-03-20","1","Urgent","Wheezing / shortness of breath","J45","Asthma","Home / Self Care","Medicare"
"Gao","Jessica","Pamela","1949-04-22","76","White","Female","2025-07-14","2025-07-17","3","Urgent","Abdominal pain / bloating","K57","Diverticular disease of intestine","Home / Self Care","Medicare"
"Karimi","George","Emma","1938-01-31","87","White","Male","2025-03-09","2025-03-10","1","Emergency","Chest discomfort / exertional angina","I25","Chronic ischemic heart disease","Home with Home Health Services","Medicare"
"Petrov","Rebecca","Margaret","1945-11-20","79","Asian","Female","2025-02-04","2025-02-08","4","Emergency","Urinary frequency / burning / fever","N39","Other disorders of urinary system","Home with Home Health Services","Medicaid"
"Vo","Jonathan","Shota","2004-02-19","21","White","Male","2025-05-19","2025-06-10","22","Emergency","Shortness of breath / wheezing","J44","Chronic obstructive pulmonary disease","Left Against Medical Advice","Medicaid"
"Yoon","Andre","Damon","1933-10-28","91","Black or African American","Male","2025-01-11","2025-01-12","1","Emergency","Cough / hemoptysis / weight loss","C34","Malignant neoplasm of bronchus and lung","Home / Self Care","Medicare"
"Mehta","James","Malik","1978-01-11","47","American Indian or Alaska Native","Male","2025-01-25","2025-01-30","5","Urgent","Right lower quadrant pain / fever","K35","Acute appendicitis","Home / Self Care","Medicare"
"James","Stephanie","Gregory","1938-10-16","86","White","Female","2025-03-19","2025-03-23","4","Urgent","Head injury / loss of consciousness / confusion","S06","Intracranial injury","Home / Self Care","Medicare"
"White","Jason","Katherine","1964-06-01","60","White","Male","2025-01-24","2025-02-12","19","Elective","Hip pain / fall / inability to bear weight","S72","Fracture of femur","Left Against Medical Advice","Medicare"
"Jefferson","Carolyn","","1988-09-03","36","White","Female","2025-03-26","2025-03-30","4","Emergency","Palpitations / irregular heartbeat","I48","Atrial fibrillation and flutter","Home / Self Care","Medicare"
"Moore","Gregory","Alejandro","2009-01-03","16","Unknown","Male","2025-01-12","2025-01-21","9","Urgent","Fatigue / weakness / pallor","D64","Other anemias","Home / Self Care","Medicaid"
"Gupta","Richard","R.","1967-08-27","57","Asian","Male","2025-02-21","2025-02-26","5","Emergency","Hip pain / fall / inability to bear weight","S72","Fracture of femur","Skilled Nursing Facility","Commercial/Private Insurance"
"Ngo","Thuy","","1980-04-02","45","White","Female","2025-05-28","2025-06-05","8","Newborn","Sudden weakness / facial droop","I63","Cerebral infarction","Home / Self Care","Commercial/Private Insurance"
"Yamada","Kaimana","Junho","1965-01-30","60","Asian","Female","2025-05-27","2025-05-31","4","Emergency","Abdominal pain / rectal bleeding / weight loss","C18","Malignant neoplasm of colon","Home / Self Care","Commercial/Private Insurance"
"Jang","Jasmine","Vikram","1961-06-07","63","Asian","Female","2025-03-27","2025-03-30","3","Emergency","Palpitations / irregular heartbeat","I48","Atrial fibrillation and flutter","Home / Self Care","Medicaid"
"Johnson","Minji","","1952-11-09","72","White","Female","2025-06-22","2025-06-25","3","Urgent","Weight loss / fatigue / pain","C80","Malignant neoplasm, unspecified","Home / Self Care","Medicare"
"Luo","Juan","","1956-01-05","69","White","Male","2025-03-24","2025-03-29","5","Urgent","Bleeding / bruising","D68","Other coagulation defects","Home / Self Care","Other Government"
"Ross","Mei","Ann","2001-06-02","24","Black or African American","Female","2025-05-29","2025-06-02","4","Emergency","Opioid withdrawal / overdose","F11","Opioid-related disorders","Home / Self Care","Commercial/Private Insurance"
"Reyes","Sofia","Tuan","1943-07-19","81","Asian","Female","2025-02-06","2025-02-14","8","Urgent","Sore throat / congestion / fever","J06","Acute upper respiratory infection","Home with Home Health Services","Medicare"
"Munoz","Christopher","Akiko","1989-03-24","35","White","Male","2025-01-06","2025-01-10","4","Urgent","Shortness of breath / leg swelling","I50","Heart failure","Home / Self Care","Medicare"
"Myers","Natasha","","1950-09-06","74","Asian","Female","2025-04-27","2025-04-30","3","Elective","Chest discomfort / exertional angina","I25","Chronic ischemic heart disease","Home / Self Care","Medicare"
"Byrd","Sofia","Christopher","1936-08-11","88","Asian","Female","2025-06-21","2025-06-27","6","Emergency","Fatigue / swelling / decreased urine output","N18","Chronic kidney disease","Home / Self Care","Medicare"
"Lopez","Seung","Samuel","1990-10-12","34","White","Male","2025-07-11","2025-07-12","1","Urgent","Cough / hemoptysis / weight loss","C34","Malignant neoplasm of bronchus and lung","Home / Self Care","Medicaid"
"Li","Kendra","Hyejin","1986-06-03","38","White","Female","2025-01-31","2025-02-05","5","Urgent","Sudden shortness of breath / pleuritic chest pain","I26","Pulmonary embolism","Another Short-Term Hospital","Medicare"
"Carter","Ali","","1985-12-12","39","White","Male","2025-01-19","2025-01-23","4","Emergency","Mood disturbance / mania / depression","F31","Bipolar disorder","Home / Self Care","Commercial/Private Insurance"
"Evans","Soojin","Diego","1987-07-16","37","White","Female","2025-04-09","2025-04-15","6","Elective","Dizziness / weakness / decreased urine output","E86","Volume depletion/dehydration","Expired","Commercial/Private Insurance"
"Gutierrez","Robert","","2023-05-26","2","White","Male","2025-07-03","2025-07-04","1","Emergency","Abdominal pain / bloating","K57","Diverticular disease of intestine","Home with Home Health Services","Medicaid"
"Nakamura","Darius","Marquis","1980-09-28","44","White","Male","2025-02-18","2025-02-20","2","Elective","Palpitations / irregular heartbeat","I48","Atrial fibrillation and flutter","Home / Self Care","Commercial/Private Insurance"
"Ortega","Dorothy","Laura","1994-01-02","31","Black or African American","Female","2025-05-20","2025-05-24","4","Urgent","Depression / suicidal ideation","F32","Major depressive disorder, single episode","Home / Self Care","Medicare"
"Morales","Puja","P.","1966-09-03","58","Asian","Female","2025-07-06","2025-07-12","6","Urgent","Elevated blood pressure / headache","I10","Essential hypertension","Home / Self Care","Medicare"
"Stewart","Latasha","Jacob","1964-03-17","60","White","Female","2025-01-28","2025-02-08","11","Emergency","Right lower quadrant pain / fever","K35","Acute appendicitis","Inpatient Rehabilitation Facility","Commercial/Private Insurance"
"Joshi","Andrew","Leilani","2002-06-17","23","Asian","Male","2025-06-11","2025-06-13","2","Urgent","Fever / cough / shortness of breath","J18","Pneumonia, unspecified organism","Home with Home Health Services","Self-Pay / Uninsured"
"Guo","Mei","Hope","1976-08-10","48","White","Female","2025-07-12","2025-07-13","1","Urgent","Decreased urine output / swelling","N17","Acute kidney failure","Home / Self Care","Other / Unknown"
"Wang","Lei","Amit","1947-10-07","77","White","Male","2025-07-26","2025-07-31","5","Emergency","Hip pain / difficulty walking","M16","Osteoarthritis of hip","Skilled Nursing Facility","Medicare"
"Price","Phuong","","2006-05-06","19","White","Female","2025-07-22","2025-07-25","3","Urgent","Back pain","M54","Dorsalgia","Home with Home Health Services","Medicaid"
"Peterson","John","Monique","2014-10-18","10","White","Male","2025-04-18","2025-04-21","3","Newborn","Back pain / fall / trauma","S32","Fracture of lumbar spine and pelvis","Home / Self Care","Medicaid"
"Kelly","Jun","Mark","1985-07-30","39","Unknown","Male","2025-05-30","2025-06-05","6","Emergency","Shortness of breath / leg swelling","I50","Heart failure","Home / Self Care","Commercial/Private Insurance"
"Aguilar","Yan","J.","1950-02-28","75","White","Female","2025-06-16","2025-06-30","14","Elective","Fever / chills / hypotension / altered mental status","A41","Sepsis","Home / Self Care","Medicare"
"Liu","Ajay","Thuy","1986-07-15","38","White","Male","2025-02-20","2025-02-26","6","Emergency","Gastrointestinal bleeding / abdominal pain","K92","Other diseases of digestive system","Home / Self Care","Other Government"
"Kozlov","Mary","Jennifer","1989-06-03","35","White","Female","2025-01-11","2025-01-15","4","Emergency","Altered mental status / substance intoxication","F19","Other psychoactive substance disorders","Home with Home Health Services","Commercial/Private Insurance"
"Suzuki","Devonte","Koa","1998-06-17","26","Asian","Male","2025-05-01","2025-05-12","11","Urgent","Neck or back pain / numbness","M48","Other spondylopathies","Inpatient Rehabilitation Facility","Medicare"
"Sasaki","Robert","Frank","1950-09-07","74","White","Male","2025-02-10","2025-02-14","4","Urgent","Chest pain","I21","Acute myocardial infarction","Home / Self Care","Self-Pay / Uninsured"
"Wright","Omar","Jasmine","2004-06-22","20","Asian","Male","2025-01-04","2025-01-08","4","Emergency","Respiratory distress","J96","Respiratory failure","Home with Home Health Services","Medicare"
"Reddy","Pavel","","1963-02-04","62","White","Male","2025-06-09","2025-06-11","2","Emergency","Chest discomfort / exertional angina","I25","Chronic ischemic heart disease","Home with Home Health Services","Commercial/Private Insurance"
"Rao","Shota","Gabriela","1980-05-10","45","Asian","Male","2025-07-14","2025-07-21","7","Emergency","Dizziness / weakness / decreased urine output","E86","Volume depletion/dehydration","Other","Commercial/Private Insurance"
"Delgado","Ashley","Lucia","1939-07-03","85","Asian","Female","2025-01-30","2025-02-05","6","Newborn","Breast mass / breast pain","C50","Malignant neoplasm of breast","Skilled Nursing Facility","Medicare"
"Murphy","Deepa","Betty","1999-05-04","25","White","Female","2025-03-23","2025-03-24","1","Emergency","Head injury / loss of consciousness / confusion","S06","Intracranial injury","Home / Self Care","Commercial/Private Insurance"
"Hughes","Sarah","","1988-03-30","37","White","Female","2025-05-22","2025-05-24","2","Urgent","Elevated blood pressure / headache in pregnancy","O14","Pre-eclampsia","Home / Self Care","Commercial/Private Insurance"
"Wilson","Iesha","","1963-02-22","62","White","Female","2025-07-14","2025-07-18","4","Emergency","Altered mental status / withdrawal symptoms","F10","Alcohol-related disorders","Home / Self Care","Medicare"
"Cho","Timothy","Jessica","2002-03-23","23","White","Male","2025-03-29","2025-04-04","6","Emergency","Pain management","G89","Pain not elsewhere classified","Home / Self Care","Medicare"
"Benson","Alika","Rahul","1995-10-17","29","White","Male","2025-02-20","2025-02-26","6","Emergency","Respiratory distress","J96","Respiratory failure","Home / Self Care","Commercial/Private Insurance"
"King","Rohit","James","1981-10-22","43","White","Male","2025-02-27","2025-03-01","2","Urgent","Fever / infection","A49","Bacterial infection, unspecified","Home / Self Care","Medicare"
"Ruiz","Ming","Benjamin","2014-04-30","10","White","Male","2025-04-07","2025-04-17","10","Emergency","Fever / cough / shortness of breath","J18","Pneumonia, unspecified organism","Home / Self Care","Self-Pay / Uninsured"
"Sanders","Takeshi","S.","1962-06-14","62","Asian","Male","2025-05-03","2025-05-06","3","Emergency","Elevated blood pressure / headache","I10","Essential hypertension","Home with Home Health Services","Medicare"
"Liang","Hina","Ricardo","1976-11-07","48","Asian","Female","2025-06-08","2025-06-09","1","Elective","Elevated blood pressure / headache","I10","Essential hypertension","Home / Self Care","Commercial/Private Insurance"
"Ross","Rosa","T.","1932-08-06","92","Unknown","Female","2025-02-19","2025-03-07","16","Emergency","Sudden weakness / facial droop","I63","Cerebral infarction","Inpatient Rehabilitation Facility","Commercial/Private Insurance"
"Popov","Nancy","","1930-11-17","94","White","Female","2025-06-05","2025-06-13","8","Elective","Elevated blood pressure / headache","I10","Essential hypertension","Home with Home Health Services","Commercial/Private Insurance"
"Anderson","Nisha","","1969-10-04","55","White","Female","2025-05-16","2025-05-28","12","Emergency","Abdominal pain / vomiting / inability to pass stool","K56","Paralytic ileus and intestinal obstruction","Home / Self Care","Medicare"
"Chen","Margaret","Shaniqua","1985-03-06","39","Asian","Female","2025-02-07","2025-02-17","10","Urgent","Chest discomfort / exertional angina","I25","Chronic ischemic heart disease","Skilled Nursing Facility","Commercial/Private Insurance"
"Smith","Katherine","Arjun","1970-01-11","55","Unknown","Female","2025-06-02","2025-06-05","3","Emergency","Epigastric pain / nausea","K25","Gastric ulcer","Home / Self Care","Medicare"
"Williams","Tonga","M.","1978-09-25","46","White","Male","2025-03-26","2025-03-31","5","Elective","Chest pain","I21","Acute myocardial infarction","Skilled Nursing Facility","Medicare"
"King","John","Andre","2001-02-22","24","White","Male","2025-02-21","2025-02-22","1","Emergency","Altered mental status / substance intoxication","F19","Other psychoactive substance disorders","Home with Home Health Services","Medicare"
"Perez","Tariq","Kenji","2002-06-28","22","White","Male","2025-05-11","2025-05-15","4","Emergency","Elevated blood sugar / fatigue / frequent urination","E11","Type 2 diabetes mellitus","Home / Self Care","Commercial/Private Insurance"
"Ma","Pooja","T.","1965-01-10","60","White","Female","2025-04-02","2025-04-06","4","Urgent","Hip pain / fall / inability to bear weight","S72","Fracture of femur","Home / Self Care","Other Government"
"Evans","Melissa","Andre","1986-03-22","39","American Indian or Alaska Native","Female","2025-07-24","2025-08-11","18","Emergency","Respiratory distress","J96","Respiratory failure","Skilled Nursing Facility","Other / Unknown"
"Guerrero","Gabriela","","1991-02-14","33","White","Female","2025-01-17","2025-01-19","2","Emergency","Premature rupture of membranes","O42","Premature rupture of membranes","Home / Self Care","Other Government"
"Kim","Wei","","1962-11-11","62","Asian","Male","2025-01-17","2025-01-19","2","Elective","Opioid withdrawal / overdose","F11","Opioid-related disorders","Inpatient Rehabilitation Facility","Commercial/Private Insurance"
"Robinson","Fernanda","Nikhil","1945-01-29","80","White","Female","2025-04-08","2025-04-13","5","Emergency","Shortness of breath / wheezing","J44","Chronic obstructive pulmonary disease","Home / Self Care","Medicaid"
"Faga","Eric","","1974-10-13","50","Asian","Male","2025-02-09","2025-02-11","2","Emergency","Redness / swelling / warmth of skin / fever","L03","Cellulitis and acute lymphangitis","Another Short-Term Hospital","Commercial/Private Insurance"
"Li","Lan","Marquis","1931-09-18","93","White","Female","2025-01-12","2025-01-13","1","Emergency","Flank pain / urinary difficulty","N13","Obstructive and reflux uropathy","Another Short-Term Hospital","Commercial/Private Insurance"
"Munoz","Valeria","Faith","1996-01-28","29","White","Female","2025-01-24","2025-01-26","2","Emergency","Labor and delivery","O80","Encounter for full-term uncomplicated delivery","Expired","Medicare"
"Dang","Huong","Ahmed","1937-05-02","88","Asian","Female","2025-05-08","2025-05-10","2","Emergency","Dizziness / weakness / decreased urine output","E86","Volume depletion/dehydration","Home / Self Care","Medicare"
"Rao","Rohit","Rani","2010-10-06","14","White","Male","2025-03-13","2025-03-16","3","Urgent","Right lower quadrant pain / fever","K35","Acute appendicitis","Hospice - Home","Commercial/Private Insurance"
"Hill","Katya","","1957-05-16","67","White","Female","2025-01-13","2025-01-15","2","Urgent","Abdominal pain / vomiting / inability to pass stool","K56","Paralytic ileus and intestinal obstruction","Home / Self Care","Commercial/Private Insurance"
"Vo","Ali","Daisuke","1947-05-07","78","White","Male","2025-04-22","2025-05-01","9","Emergency","Abdominal pain / vomiting / inability to pass stool","K56","Paralytic ileus and intestinal obstruction","Another Short-Term Hospital","Medicare"
"Martinez","Daniel","Kenji","1939-02-13","85","Native Hawaiian or Other Pacific Islander","Male","2025-01-12","2025-01-13","1","Elective","Urinary frequency / burning / fever","N39","Other disorders of urinary system","Home / Self Care","Medicare"
"Lopez","Ming","Alejandra","1940-08-18","84","White","Male","2025-04-04","2025-04-09","5","Urgent","Elevated blood pressure / headache","I10","Essential hypertension","Expired","Medicare"
"Stewart","Ryan","Mae","2017-07-05","7","White","Male","2025-03-23","2025-03-29","6","Emergency","Cough / fever / chest congestion","J22","Acute lower respiratory infection","Home / Self Care","Commercial/Private Insurance"
"Suarez","Juan","Patrick","2013-05-25","11","American Indian or Alaska Native","Male","2025-01-06","2025-01-09","3","Elective","Decreased urine output / swelling","N17","Acute kidney failure","Home / Self Care","Medicaid"
"Kovac","Junho","Donald","1938-01-01","87","Unknown","Male","2025-03-22","2025-03-26","4","Emergency","Traumatic injury","T14","Injury of unspecified body region","Home / Self Care","Commercial/Private Insurance"
"Kato","Yan","Tatiana","1951-05-13","73","White","Female","2025-04-05","2025-04-07","2","Urgent","Palpitations / irregular heartbeat","I48","Atrial fibrillation and flutter","Expired","Medicare"
"Jimenez","Priya","Yan","1972-07-14","52","Black or African American","Female","2025-05-08","2025-05-09","1","Emergency","Palpitations / irregular heartbeat","I48","Atrial fibrillation and flutter","Home / Self Care","Commercial/Private Insurance"
"Joshi","Ahmed","Linda","1942-03-01","82","White","Male","2025-01-02","2025-01-05","3","Emergency","Pain management","G89","Pain not elsewhere classified","Home / Self Care","Commercial/Private Insurance"
"Chen","Sandra","K.","1991-09-01","33","White","Female","2025-07-06","2025-07-20","14","Emergency","Decreased urine output / swelling","N17","Acute kidney failure","Skilled Nursing Facility","Commercial/Private Insurance"
"Miller","Minsu","","1996-01-09","29","American Indian or Alaska Native","Male","2025-02-18","2025-02-22","4","Elective","Right upper quadrant pain / nausea","K80","Cholelithiasis","Home / Self Care","Commercial/Private Insurance"
"Baylor","Sharon","V.","2004-10-27","20","White","Female","2025-03-11","2025-03-13","2","Urgent","Labor and delivery","O80","Encounter for full-term uncomplicated delivery","Home with Home Health Services","Other / Unknown"
"Petrov","Tao","G.","2013-08-21","11","White","Male","2025-07-27","2025-08-06","10","Urgent","Elevated blood sugar / fatigue / frequent urination","E11","Type 2 diabetes mellitus","Home with Home Health Services","Commercial/Private Insurance"
"Munoz","Diego","A.","1933-02-08","92","White","Male","2025-05-23","2025-05-29","6","Emergency","Gastrointestinal bleeding / abdominal pain","K92","Other diseases of digestive system","Home with Home Health Services","Medicare"
"Nguyen","Hyun","","1988-04-01","36","White","Male","2025-01-02","2025-01-18","16","Emergency","Dizziness / weakness / decreased urine output","E86","Volume depletion/dehydration","Home / Self Care","Medicare"
"Murphy","Kaimana","","1986-12-23","38","White","Female","2025-02-09","2025-02-10","1","Emergency","Fatigue / weakness / pallor","D64","Other anemias","Home / Self Care","Commercial/Private Insurance"
"Ngo","Fatima","Dawn","1992-12-17","32","Unknown","Female","2025-01-31","2025-02-04","4","Emergency","Redness / swelling / warmth of skin / fever","L03","Cellulitis and acute lymphangitis","Home / Self Care","Other / Unknown"
"Cheng","Saki","Hieu","1956-01-02","69","Black or African American","Female","2025-02-16","2025-02-23","7","Emergency","Breast mass / breast pain","C50","Malignant neoplasm of breast","Home / Self Care","Commercial/Private Insurance"
"Young","Khalid","","1993-06-02","32","White","Male","2025-07-17","2025-07-22","5","Elective","Skin breakdown / wound care","L89","Pressure ulcer","Other","Medicare"
"Howard","Fatima","Tamika","1997-04-14","27","Black or African American","Female","2025-04-05","2025-04-08","3","Elective","Preterm contractions","O60","Preterm labor","Home / Self Care","Commercial/Private Insurance"
"Morales","Stephen","Leilani","1940-11-14","84","White","Male","2025-07-06","2025-07-09","3","Emergency","Forearm pain / trauma","S52","Fracture of forearm","Home with Home Health Services","Medicare"
"Le","Ronald","Frank","1998-06-15","26","White","Male","2025-04-27","2025-05-22","25","Emergency","Leg pain / swelling / trauma","S82","Fracture of lower leg","Skilled Nursing Facility","Commercial/Private Insurance"
"Ross","Amit","M.","1974-07-15","50","White","Male","2025-03-27","2025-04-05","9","Emergency","Back pain","M54","Dorsalgia","Home / Self Care","Commercial/Private Insurance"
"Haynes","Daniel","Gloria","1972-09-15","52","White","Male","2025-01-23","2025-01-28","5","Urgent","Neck or back pain / numbness","M48","Other spondylopathies","Home / Self Care","Commercial/Private Insurance"
"Yamaguchi","Kathleen","Junho","1970-12-25","54","White","Female","2025-03-02","2025-03-08","6","Elective","Fever / cough / shortness of breath","J18","Pneumonia, unspecified organism","Left Against Medical Advice","Commercial/Private Insurance"
"Morales","Shota","R.","2016-07-01","8","White","Male","2025-04-11","2025-04-14","3","Emergency","Right lower quadrant pain / fever","K35","Acute appendicitis","Home / Self Care","Other Government"
"Hill","Sharon","","1943-08-26","81","White","Female","2025-03-20","2025-03-22","2","Emergency","Dizziness / weakness / decreased urine output","E86","Volume depletion/dehydration","Home with Home Health Services","Medicaid"
"He","Yang","","1987-03-18","38","Unknown","Male","2025-06-24","2025-06-25","1","Emergency","Sore throat / congestion / fever","J06","Acute upper respiratory infection","Home / Self Care","Commercial/Private Insurance"
"Foster","Rika","","1978-06-17","46","Asian","Female","2025-03-15","2025-03-18","3","Newborn","Abdominal pain / rectal bleeding / weight loss","C18","Malignant neoplasm of colon","Home with Home Health Services","Medicare"
"Murphy","Mark","Long","2005-06-29","19","White","Male","2025-01-02","2025-01-04","2","Urgent","Shortness of breath / wheezing","J44","Chronic obstructive pulmonary disease","Home / Self Care","Commercial/Private Insurance"
"Do","Elena","Ray","1952-10-05","72","Unknown","Female","2025-01-25","2025-02-12","18","Emergency","Mood disturbance / mania / depression","F31","Bipolar disorder","Home / Self Care","Medicare"
"Scott","Haruka","Rachel","1988-11-02","36","White","Female","2025-04-25","2025-04-27","2","Emergency","Pain management","G89","Pain not elsewhere classified","Home / Self Care","Commercial/Private Insurance"
"Guerrero","Miguel","Andrei","2001-07-05","23","Black or African American","Male","2025-03-02","2025-03-08","6","Urgent","Head injury / loss of consciousness / confusion","S06","Intracranial injury","Home / Self Care","Self-Pay / Uninsured"
"Pham","Jinho","M.","1975-09-01","49","White","Male","2025-05-31","2025-06-06","6","Emergency","Urinary frequency / burning / fever","N39","Other disorders of urinary system","Home / Self Care","Medicare"
"Baylor","Justin","Nadia","2002-08-26","22","White","Male","2025-02-14","2025-02-19","5","Urgent","Anxiety / panic attack","F41","Anxiety disorders","Another Short-Term Hospital","Commercial/Private Insurance"
"Campbell","Justin","","2019-03-30","6","White","Male","2025-06-11","2025-06-12","1","Emergency","Urinary frequency / burning / fever","N39","Other disorders of urinary system","Home / Self Care","Commercial/Private Insurance"
"Holloway","David","Dale","1937-11-22","87","White","Male","2025-01-18","2025-01-23","5","Urgent","Fever / chills / hypotension / altered mental status","A41","Sepsis","Hospice - Home","Medicare"
"Medina","Brenda","Svetlana","1964-07-25","61","White","Female","2025-07-20","2025-07-22","2","Urgent","Mood disturbance / mania / depression","F31","Bipolar disorder","Skilled Nursing Facility","Commercial/Private Insurance"
"Choi","Aaliyah","","1952-05-05","72","White","Female","2025-02-23","2025-03-01","6","Elective","Sudden weakness / facial droop","I63","Cerebral infarction","Home with Home Health Services","Medicare"
"Medina","Isabella","Hina","1936-03-20","89","White","Female","2025-04-15","2025-04-22","7","Emergency","Urinary frequency / burning / fever","N39","Other disorders of urinary system","Hospice - Home","Medicaid"
"Ma","Ivan","","1974-04-08","51","White","Male","2025-05-09","2025-05-11","2","Urgent","Dizziness / weakness / decreased urine output","E86","Volume depletion/dehydration","Skilled Nursing Facility","Commercial/Private Insurance"
"Davis","Kendrick","Carmen","2006-10-12","18","White","Male","2025-02-08","2025-02-10","2","Emergency","Shortness of breath / wheezing","J44","Chronic obstructive pulmonary disease","Home / Self Care","Commercial/Private Insurance"
"Foster","Aaliyah","Jonathan","1977-02-08","48","Asian","Female","2025-04-18","2025-04-21","3","Urgent","Abdominal swelling / jaundice","K74","Fibrosis and cirrhosis of liver","Home with Home Health Services","Commercial/Private Insurance"
"Vargas","Kathleen","Helen","1944-09-07","80","White","Female","2025-03-29","2025-04-03","5","Emergency","Fatigue / swelling / decreased urine output","N18","Chronic kidney disease","Skilled Nursing Facility","Medicare"
"Carter","Sofia","Deepak","1991-04-08","34","Asian","Female","2025-06-28","2025-07-02","4","Emergency","Labor and delivery","O80","Encounter for full-term uncomplicated delivery","Home / Self Care","Medicare"
"Rivera","Aaliyah","","1952-01-29","73","White","Female","2025-07-20","2025-07-24","4","Emergency","Depression / suicidal ideation","F32","Major depressive disorder, single episode","Skilled Nursing Facility","Medicare"
"Karimi","Darius","","1954-08-10","70","Asian","Male","2025-06-24","2025-06-29","5","Elective","Shortness of breath / wheezing","J44","Chronic obstructive pulmonary disease","Home / Self Care","Commercial/Private Insurance"
"Walker","George","Rahul","1971-02-22","53","Unknown","Male","2025-01-21","2025-01-22","1","Urgent","Elevated blood pressure / headache","I10","Essential hypertension","Home / Self Care","Commercial/Private Insurance"
"Hill","Miroslav","Heather","1974-02-11","51","Asian","Male","2025-07-30","2025-08-05","6","Elective","Weight loss / fatigue / pain","C80","Malignant neoplasm, unspecified","Home / Self Care","Commercial/Private Insurance"
"Karimi","Helen","Dorothy","2020-08-26","4","White","Female","2025-03-20","2025-03-25","5","Elective","Abdominal pain / bloating","K57","Diverticular disease of intestine","Home / Self Care","Medicaid"
"Sasaki","Daniel","","1979-11-13","45","White","Male","2025-01-27","2025-01-31","4","Emergency","Urinary difficulty / pelvic pain","C61","Malignant neoplasm of prostate","Home / Self Care","Commercial/Private Insurance"
"Ortega","Richard","Barbara","1933-07-09","91","Black or African American","Male","2025-02-24","2025-03-02","6","Emergency","Flank pain / blood in urine","N20","Calculus of kidney and ureter","Home / Self Care","Medicare"
"Richardson","Carolyn","Alejandro","1954-12-14","70","Asian","Female","2025-06-07","2025-06-11","4","Urgent","Abdominal pain / bloating","K57","Diverticular disease of intestine","Other","Medicare"
"Joshi","Thomas","S.","1940-12-18","84","White","Male","2025-04-27","2025-04-28","1","Elective","Weakness / confusion / electrolyte abnormality","E87","Other disorders of fluid/electrolyte balance","Home / Self Care","Medicare"
"Myers","Frank","","1994-07-03","30","Unknown","Male","2025-02-11","2025-02-21","10","Emergency","Fever / chills / hypotension / altered mental status","A41","Sepsis","Home / Self Care","Medicaid"
"Menon","Ronald","Amanda","2015-12-15","9","Unknown","Male","2025-03-31","2025-04-09","9","Emergency","Abdominal swelling / jaundice","K74","Fibrosis and cirrhosis of liver","Home / Self Care","Medicaid"
"Cheng","Bin","Na","1935-09-28","89","White","Male","2025-05-18","2025-05-22","4","Emergency","Weakness / confusion / electrolyte abnormality","E87","Other disorders of fluid/electrolyte balance","Inpatient Rehabilitation Facility","Commercial/Private Insurance"
"Cheng","Brian","Jun","1939-01-05","86","White","Male","2025-05-01","2025-05-09","8","Emergency","Fever / chills / hypotension / altered mental status","A41","Sepsis","Home / Self Care","Medicare"
"James","Pooja","Andre","1985-08-06","39","Unknown","Female","2025-02-05","2025-02-08","3","Emergency","Fatigue / weakness / pallor","D64","Other anemias","Other","Commercial/Private Insurance"
"Byrd","Susan","M.","1952-05-25","72","White","Female","2025-04-16","2025-04-21","5","Emergency","Right upper quadrant pain / nausea","K80","Cholelithiasis","Home / Self Care","Medicare"
"Chen","Marquis","Samantha","1987-05-06","38","White","Male","2025-07-03","2025-07-05","2","Urgent","Flank pain / blood in urine","N20","Calculus of kidney and ureter","Home / Self Care","Medicaid"
"Hernandez","Gabriela","Carlos","1942-06-20","82","Asian","Female","2025-01-23","2025-02-04","12","Elective","Fever / chills / hypotension / altered mental status","A41","Sepsis","Home / Self Care","Commercial/Private Insurance"
"Shah","Nicholas","","1973-02-20","52","Unknown","Male","2025-03-21","2025-03-24","3","Urgent","Altered mental status / withdrawal symptoms","F10","Alcohol-related disorders","Skilled Nursing Facility","Medicare"
"Yamada","Fernanda","Yasmin","1989-07-12","35","White","Female","2025-03-13","2025-03-27","14","Emergency","Shortness of breath / wheezing","J44","Chronic obstructive pulmonary disease","Home / Self Care","Medicare"
"Rogers","Hao","","1978-07-31","46","White","Male","2025-02-14","2025-02-15","1","Urgent","Shortness of breath / leg swelling","I50","Heart failure","Home / Self Care","Medicare"
"Reyes","Yuki","Lan","1942-05-26","82","Unknown","Female","2025-01-19","2025-01-21","2","Emergency","Sudden weakness / facial droop","I63","Cerebral infarction","Home / Self Care","Medicare"
"Morgan","Diego","Divya","2025-02-22","0","Unknown","Male","2025-02-19","2025-02-21","2","Newborn","Vomiting / diarrhea / dehydration in child","A08","Viral intestinal infections","Home / Self Care","Commercial/Private Insurance"
"Petrov","Betty","H.","1946-04-13","78","White","Female","2025-01-02","2025-01-03","1","Emergency","Seizure","G40","Epilepsy and recurrent seizures","Home with Home Health Services","Medicare"
"Bailey","Tatiana","Eric","1991-11-16","33","White","Female","2025-01-25","2025-01-27","2","Emergency","Shortness of breath / wheezing","J44","Chronic obstructive pulmonary disease","Home / Self Care","Commercial/Private Insurance"
"Smith","Deborah","Rania","1954-10-13","70","White","Female","2025-05-08","2025-05-09","1","Emergency","Seizure","G40","Epilepsy and recurrent seizures","Home with Home Health Services","Medicaid"
"Guerrero","Hieu","","1992-03-20","32","White","Male","2025-02-20","2025-02-27","7","Elective","Forearm pain / trauma","S52","Fracture of forearm","Long-Term Care Hospital","Medicare"
"Watts","Sione","Ivan","2015-06-25","9","Black or African American","Male","2025-01-12","2025-01-15","3","Emergency","Shortness of breath / wheezing","J44","Chronic obstructive pulmonary disease","Home / Self Care","Medicaid"
"Moreno","Rosa","Donghyun","2004-12-14","20","White","Female","2025-01-24","2025-01-25","1","Emergency","Mood disturbance / mania / depression","F31","Bipolar disorder","Home / Self Care","Medicare"
"Kozlov","Kekoa","J.","2006-11-12","18","Asian","Male","2025-02-25","2025-03-01","4","Emergency","Flank pain / blood in urine","N20","Calculus of kidney and ureter","Hospice - Medical Facility","Commercial/Private Insurance"
"Taylor","Kekoa","K.","1937-11-05","87","White","Male","2025-01-06","2025-01-08","2","Urgent","Fever / cough / shortness of breath","J18","Pneumonia, unspecified organism","Hospice - Home","Self-Pay / Uninsured"
"Gupta","Michelle","Stephanie","1988-09-24","36","Unknown","Female","2025-05-02","2025-05-05","3","Emergency","Opioid withdrawal / overdose","F11","Opioid-related disorders","Home / Self Care","Medicare"
"Ward","Diana","","1951-02-13","74","Unknown","Female","2025-05-30","2025-06-09","10","Urgent","Back pain","M54","Dorsalgia","Skilled Nursing Facility","Medicaid"
"Payne","Christine","Cynthia","1970-05-29","54","White","Female","2025-01-28","2025-01-30","2","Urgent","Elevated blood pressure / headache","I10","Essential hypertension","Inpatient Rehabilitation Facility","Medicaid"
"Sanchez","Jinho","H.","1972-04-25","53","White","Male","2025-05-11","2025-05-18","7","Emergency","Back pain / fall","M80","Osteoporosis with pathological fracture","Expired","Commercial/Private Insurance"
"Sun","Li","Carol","1997-12-14","27","White","Female","2025-07-19","2025-07-24","5","Elective","Shortness of breath / wheezing","J44","Chronic obstructive pulmonary disease","Home / Self Care","Other / Unknown"
"Morgan","Kendra","","1949-11-13","75","Asian","Female","2025-02-26","2025-02-28","2","Emergency","Mood disturbance / mania / depression","F31","Bipolar disorder","Inpatient Rehabilitation Facility","Commercial/Private Insurance"
"Rojas","Debra","","1980-10-01","44","White","Female","2025-03-23","2025-03-28","5","Emergency","Respiratory distress","J96","Respiratory failure","Inpatient Rehabilitation Facility","Medicare"
"Munoz","Alana","","1954-11-07","70","White","Female","2025-03-10","2025-03-12","2","Elective","Hip pain / difficulty walking","M16","Osteoarthritis of hip","Long-Term Care Hospital","Medicare"
"Reyes","Leilani","Pedro","1956-11-19","68","White","Female","2025-04-06","2025-04-11","5","Urgent","Elevated blood sugar / fatigue / frequent urination","E11","Type 2 diabetes mellitus","Home / Self Care","Commercial/Private Insurance"
"Menon","Saki","Ray","1966-03-10","58","White","Female","2025-01-04","2025-01-07","3","Emergency","Hip pain / difficulty walking","M16","Osteoarthritis of hip","Home / Self Care","Medicaid"
"Myers","Keisha","C.","1951-09-16","73","White","Female","2025-05-11","2025-05-16","5","Emergency","Hip pain / difficulty walking","M16","Osteoarthritis of hip","Another Short-Term Hospital","Medicare"
"Joshi","Alika","Boris","1988-03-17","37","White","Male","2025-06-20","2025-06-22","2","Emergency","Altered mental status / withdrawal symptoms","F10","Alcohol-related disorders","Home / Self Care","Medicaid"
"Thompson","Barbara","Yang","2008-10-23","16","White","Female","2025-03-11","2025-03-15","4","Elective","Fatigue / weakness / pallor","D64","Other anemias","Home / Self Care","Medicaid"
"Molina","Ajay","Tui","1930-02-07","95","White","Male","2025-03-22","2025-03-23","1","Newborn","Skin breakdown / wound care","L89","Pressure ulcer","Home / Self Care","Medicare"
"Choi","Latasha","Brandon","1958-01-19","67","Asian","Female","2025-05-08","2025-05-15","7","Emergency","Oral thrush / vaginal discharge / systemic infection","B37","Candidiasis","Hospice - Home","Medicare"
"Mehta","Ajay","T.","1932-11-21","92","White","Male","2025-05-09","2025-05-19","10","Emergency","Fever / chills / hypotension / altered mental status","A41","Sepsis","Skilled Nursing Facility","Medicare"
"Morgan","Alexander","A.","1943-12-12","81","Black or African American","Male","2025-01-25","2025-01-26","1","Elective","Gastrointestinal bleeding / abdominal pain","K92","Other diseases of digestive system","Inpatient Rehabilitation Facility","Medicare"
"Wright","Omar","Steven","1940-09-15","84","White","Male","2025-06-20","2025-06-23","3","Newborn","Fatigue / swelling / decreased urine output","N18","Chronic kidney disease","Skilled Nursing Facility","Medicare"
"Castillo","Tuan","","1933-10-02","91","Asian","Male","2025-05-22","2025-05-27","5","Urgent","Shortness of breath / leg swelling","I50","Heart failure","Home / Self Care","Medicare"
"Rogers","Gregory","Sunita","1989-02-17","36","White","Male","2025-02-20","2025-02-28","8","Emergency","Fatigue / swelling / decreased urine output","N18","Chronic kidney disease","Other","Commercial/Private Insurance"
"Mitchell","Anthony","Jinho","1985-01-29","40","Unknown","Male","2025-04-03","2025-04-11","8","Emergency","Respiratory distress","J96","Respiratory failure","Home / Self Care","Commercial/Private Insurance"
"Zhao","Alejandra","Puja","1987-03-01","37","Unknown","Female","2025-01-08","2025-01-12","4","Emergency","Fever / cough / shortness of breath","J18","Pneumonia, unspecified organism","Home / Self Care","Self-Pay / Uninsured"
"Brown","Nadia","Hiroshi","1946-02-16","79","White","Female","2025-04-15","2025-04-20","5","Urgent","Chest discomfort / exertional angina","I25","Chronic ischemic heart disease","Home / Self Care","Medicare"
"Foster","Omar","Ivan","1945-08-07","79","White","Male","2025-05-05","2025-05-09","4","Urgent","Decreased urine output / swelling","N17","Acute kidney failure","Home / Self Care","Medicaid"
"Flores","Valeria","B.","1972-06-06","52","Unknown","Female","2025-02-10","2025-02-12","2","Emergency","Flank pain / urinary difficulty","N13","Obstructive and reflux uropathy","Home / Self Care","Medicare"
"Gonzalez","Sione","R.","1958-08-15","66","White","Male","2025-03-28","2025-03-29","1","Elective","Abdominal pain / bloating","K57","Diverticular disease of intestine","Home / Self Care","Medicare"
"Yamaguchi","Mila","Betty","2019-09-11","5","White","Female","2025-04-27","2025-04-29","2","Elective","Elevated blood sugar / fatigue / frequent urination","E11","Type 2 diabetes mellitus","Home with Home Health Services","Medicaid"
"Nassir","Rosa","","1935-08-26","89","Unknown","Female","2025-04-12","2025-04-16","4","Elective","Back pain","M54","Dorsalgia","Skilled Nursing Facility","Medicare"
"Bennett","Anna","Luis","2023-06-01","1","White","Female","2025-01-07","2025-01-14","7","Elective","Respiratory distress","J96","Respiratory failure","Home with Home Health Services","Medicaid"
"Popov","Camila","","2015-08-24","9","Asian","Female","2025-03-21","2025-03-28","7","Emergency","Abdominal pain / bloating","K57","Diverticular disease of intestine","Home with Home Health Services","Medicaid"
"Ross","Rania","","1970-11-05","54","White","Female","2025-02-07","2025-02-08","1","Elective","Chest discomfort / exertional angina","I25","Chronic ischemic heart disease","Home / Self Care","Medicaid"
"Munoz","Paul","C.","2017-01-12","8","Black or African American","Male","2025-04-08","2025-04-10","2","Emergency","Fever / infection","A49","Bacterial infection, unspecified","Skilled Nursing Facility","Other Government"
"Gutierrez","Malia","","2000-03-13","24","White","Female","2025-02-07","2025-02-10","3","Emergency","Flank pain / blood in urine","N20","Calculus of kidney and ureter","Home with Home Health Services","Medicare"
"Vo","Aisha","Bin","1984-07-20","40","Black or African American","Female","2025-04-07","2025-04-12","5","Urgent","Anxiety / panic attack","F41","Anxiety disorders","Home / Self Care","Medicare"
"Torres","Yuna","Fang","1955-10-20","69","White","Female","2025-04-04","2025-04-08","4","Elective","Skin breakdown / wound care","L89","Pressure ulcer","Home / Self Care","Medicaid"
"Vo","Adriana","","1938-06-29","86","White","Female","2025-02-15","2025-02-18","3","Emergency","Wheezing / shortness of breath","J45","Asthma","Skilled Nursing Facility","Medicare"
"Baylor","Bin","J.","2010-06-25","14","White","Male","2025-03-23","2025-03-25","2","Emergency","Bleeding / bruising","D68","Other coagulation defects","Home with Home Health Services","Other / Unknown"
"Cook","Stephen","T.","1951-03-10","74","White","Male","2025-02-23","2025-03-05","10","Emergency","Skin breakdown / wound care","L89","Pressure ulcer","Other","Medicare"
"Herrera","Victor","","2001-06-19","23","White","Male","2025-05-11","2025-05-15","4","Elective","Pain management","G89","Pain not elsewhere classified","Home / Self Care","Commercial/Private Insurance"
"Cooper","Thuy","Gregory","1942-04-20","82","White","Female","2025-03-23","2025-03-30","7","Emergency","Chest discomfort / exertional angina","I25","Chronic ischemic heart disease","Home with Home Health Services","Medicare"
"Mitchell","Pavel","Hung","1947-11-01","77","White","Male","2025-01-10","2025-01-17","7","Newborn","Palpitations / irregular heartbeat","I48","Atrial fibrillation and flutter","Another Short-Term Hospital","Medicare"
"Guo","Jun","Soojin","1969-02-07","56","Asian","Male","2025-03-30","2025-04-05","6","Urgent","Fever / chills / hypotension / altered mental status","A41","Sepsis","Home / Self Care","Commercial/Private Insurance"
"Ramos","Rani","Shota","2006-01-02","19","Asian","Female","2025-01-12","2025-01-13","1","Urgent","Elevated blood sugar / fatigue / frequent urination","E11","Type 2 diabetes mellitus","Home / Self Care","Commercial/Private Insurance"
"Holloway","Kevin","Keisha","1994-04-29","30","White","Male","2025-04-20","2025-04-21","1","Elective","Altered mental status / withdrawal symptoms","F10","Alcohol-related disorders","Home / Self Care","Commercial/Private Insurance"
"Verma","Jinho","P.","1962-07-22","62","White","Male","2025-07-05","2025-07-07","2","Emergency","Fever / cough / shortness of breath","J18","Pneumonia, unspecified organism","Home / Self Care","Commercial/Private Insurance"
"Matsumoto","Jiyeon","Lani","1932-12-06","92","White","Female","2025-07-18","2025-07-21","3","Urgent","Shortness of breath / leg swelling","I50","Heart failure","Home with Home Health Services","Medicare"
"Lee","Arjun","Hui","1957-12-05","67","Black or African American","Male","2025-05-18","2025-05-22","4","Emergency","Abdominal pain / jaundice","K70","Alcoholic liver disease","Home with Home Health Services","Medicare"
"Holt","Vikram","Ramon","1960-11-02","64","White","Male","2025-02-12","2025-02-17","5","Urgent","Respiratory distress","J96","Respiratory failure","Expired","Medicare"
"Chen","Hao","Cynthia","1960-10-24","64","White","Male","2025-01-16","2025-01-21","5","Emergency","Hip pain / fall / inability to bear weight","S72","Fracture of femur","Home with Home Health Services","Commercial/Private Insurance"
"Le","Jacob","Robert","1947-05-08","77","White","Male","2025-03-02","2025-03-08","6","Elective","Elevated blood pressure / headache","I10","Essential hypertension","Expired","Self-Pay / Uninsured"
"Roberts","Sione","","1987-05-31","38","Unknown","Male","2025-07-25","2025-08-01","7","Emergency","Cough / fever / chest congestion","J22","Acute lower respiratory infection","Home / Self Care","Commercial/Private Insurance"
"Mitchell","Takeshi","","1994-10-12","30","Unknown","Male","2025-02-28","2025-03-02","2","Emergency","Elevated blood pressure / headache","I10","Essential hypertension","Home with Home Health Services","Other / Unknown"
"Moreno","Nancy","Shanice","1932-01-05","93","Unknown","Female","2025-05-02","2025-05-18","16","Emergency","Fatigue / weakness / pallor","D64","Other anemias","Home / Self Care","Medicare"
"Davis","Patricia","","1975-11-03","49","White","Female","2025-05-16","2025-05-18","2","Emergency","Right upper quadrant pain / nausea","K80","Cholelithiasis","Home / Self Care","Medicare"
"Rao","Jasmine","O.","1969-03-31","55","White","Female","2025-01-26","2025-01-28","2","Emergency","Chest discomfort / exertional angina","I25","Chronic ischemic heart disease","Home / Self Care","Medicaid"
"Nair","Phuong","Lamar","1936-01-31","88","White","Female","2025-01-05","2025-01-07","2","Urgent","Head injury / loss of consciousness / confusion","S06","Intracranial injury","Skilled Nursing Facility","Medicare"
"Popov","Nasser","Sharon","1997-08-10","27","White","Male","2025-05-08","2025-05-15","7","Emergency","Fever / cough / shortness of breath","J18","Pneumonia, unspecified organism","Inpatient Rehabilitation Facility","Medicare"
"Ortiz","Natasha","Melissa","2006-01-12","19","Asian","Female","2025-02-26","2025-02-28","2","Emergency","Opioid withdrawal / overdose","F11","Opioid-related disorders","Home / Self Care","Medicare"
"Walker","Jeffrey","","1980-02-20","44","Unknown","Male","2025-02-05","2025-02-07","2","Urgent","Palpitations / irregular heartbeat","I48","Atrial fibrillation and flutter","Home / Self Care","Medicaid"
"Ramos","Kavita","Dennis","1963-02-27","62","White","Female","2025-06-01","2025-06-02","1","Elective","Elevated blood sugar / fatigue / frequent urination","E11","Type 2 diabetes mellitus","Home / Self Care","Medicare"
"Sharma","Alana","Camila","1937-03-30","87","Asian","Female","2025-02-11","2025-02-13","2","Newborn","Back pain","M54","Dorsalgia","Home with Home Health Services","Medicare"
"Long","Minh","Grace","1977-09-17","47","White","Male","2025-01-24","2025-02-03","10","Emergency","Redness / swelling / warmth of skin / fever","L03","Cellulitis and acute lymphangitis","Skilled Nursing Facility","Other / Unknown"
"Pillai","Andrei","Brandon","2006-04-13","18","White","Male","2025-01-19","2025-01-24","5","Emergency","Elevated blood sugar / fatigue / frequent urination","E11","Type 2 diabetes mellitus","Home / Self Care","Medicare"
"Guerrero","Kavita","Ying","1978-07-27","46","White","Female","2025-04-20","2025-04-23","3","Emergency","Elevated blood sugar / fatigue / frequent urination","E11","Type 2 diabetes mellitus","Another Short-Term Hospital","Commercial/Private Insurance"
"Martin","Minji","Ming","1963-11-30","61","Unknown","Female","2025-05-18","2025-05-20","2","Urgent","Urinary frequency / burning / fever","N39","Other disorders of urinary system","Other","Commercial/Private Insurance"
"Mitchell","Angela","Damon","2025-06-22","0","White","Female","2025-04-11","2025-04-16","5","Emergency","Fever / cough / shortness of breath","J18","Pneumonia, unspecified organism","Home with Home Health Services","Medicaid"
"Liang","Yasmin","Minh","1981-12-04","43","Unknown","Female","2025-04-24","2025-04-27","3","Elective","Shortness of breath / wheezing","J44","Chronic obstructive pulmonary disease","Inpatient Rehabilitation Facility","Commercial/Private Insurance"
"Yamada","Patricia","Angela","1990-06-05","35","White","Female","2025-07-22","2025-07-23","1","Urgent","Elevated blood sugar / fatigue / frequent urination","E11","Type 2 diabetes mellitus","Left Against Medical Advice","Other Government"
"Huang","Rosa","Joshua","1933-09-08","91","Unknown","Female","2025-02-11","2025-02-12","1","Elective","Severe abdominal pain / nausea / vomiting","K85","Acute pancreatitis","Home / Self Care","Medicare"
"Faga","William","Ryan","2018-08-03","6","White","Male","2025-01-30","2025-02-02","3","Emergency","Gastrointestinal bleeding / abdominal pain","K92","Other diseases of digestive system","Home / Self Care","Other Government"
"Taylor","Stephen","","1939-08-07","85","White","Male","2025-06-27","2025-06-30","3","Elective","Fever / infection","A49","Bacterial infection, unspecified","Left Against Medical Advice","Other / Unknown"
"Kovac","Rachel","Sergio","1997-04-20","28","White","Female","2025-07-21","2025-07-30","9","Urgent","Diarrhea / nausea / vomiting / abdominal cramps","A04","Other bacterial intestinal infections","Expired","Medicare"
"Ramos","Kekoa","Dean","1995-08-29","29","White","Male","2025-07-15","2025-07-25","10","Emergency","Fever / cough / shortness of breath","J18","Pneumonia, unspecified organism","Home / Self Care","Commercial/Private Insurance"
"Kim","Michelle","","1994-10-06","30","White","Female","2025-01-27","2025-01-30","3","Emergency","Forearm pain / trauma","S52","Fracture of forearm","Home / Self Care","Medicare"
"Singh","Nana","Samir","2013-04-06","11","White","Female","2025-02-28","2025-03-03","3","Emergency","Shortness of breath / wheezing","J44","Chronic obstructive pulmonary disease","Home / Self Care","Other Government"
"Cooper","Leila","A.","1962-04-30","63","Unknown","Female","2025-07-20","2025-07-22","2","Emergency","Shortness of breath / wheezing","J44","Chronic obstructive pulmonary disease","Home / Self Care","Commercial/Private Insurance"
"Lebedev","Koa","Christine","1981-04-28","43","Asian","Male","2025-01-21","2025-01-24","3","Urgent","Palpitations / irregular heartbeat","I48","Atrial fibrillation and flutter","Home / Self Care","Medicaid"
"Moore","Koa","Yuna","1941-08-02","83","Unknown","Male","2025-06-24","2025-06-27","3","Urgent","Hip pain / difficulty walking","M16","Osteoarthritis of hip","Inpatient Rehabilitation Facility","Medicare"
"Taufa","Olga","Nadia","2007-01-09","18","Asian","Female","2025-06-02","2025-06-06","4","Emergency","Epigastric pain / nausea","K25","Gastric ulcer","Inpatient Rehabilitation Facility","Medicare"
"Washington","Kenji","Larry","1972-05-27","53","White","Male","2025-07-23","2025-07-26","3","Emergency","Knee pain / swelling","M17","Osteoarthritis of knee","Home with Home Health Services","Commercial/Private Insurance"
"Shah","Deborah","","1942-04-26","82","Black or African American","Female","2025-01-13","2025-01-17","4","Emergency","Blood in urine / urinary frequency","C67","Malignant neoplasm of bladder","Home / Self Care","Commercial/Private Insurance"
"Dang","Sandra","","1944-07-14","80","Asian","Female","2025-01-10","2025-01-13","3","Emergency","Depression / suicidal ideation","F32","Major depressive disorder, single episode","Home / Self Care","Medicaid"
"Holt","Malik","Kaimana","2007-10-29","17","White","Male","2025-05-17","2025-05-18","1","Urgent","Depression / suicidal ideation","F32","Major depressive disorder, single episode","Long-Term Care Hospital","Medicaid"
"Tuilagi","Barbara","T.","1949-02-10","76","Black or African American","Female","2025-07-06","2025-07-15","9","Emergency","Chest pain","I21","Acute myocardial infarction","Inpatient Rehabilitation Facility","Medicare"
"Green","Duc","Lei","1945-01-01","80","Asian","Male","2025-01-14","2025-01-15","1","Emergency","Leg pain / claudication","I70","Atherosclerosis","Home / Self Care","Medicare"
"Peterson","Karen","","1962-11-22","62","White","Female","2025-03-05","2025-03-08","3","Urgent","Oral thrush / vaginal discharge / systemic infection","B37","Candidiasis","Home with Home Health Services","Commercial/Private Insurance"
"Aziz","Kaimana","Amy","1937-01-22","88","Asian","Female","2025-07-23","2025-07-26","3","Emergency","Tremor / rigidity / fall","G20","Parkinson's disease","Hospice - Home","Medicare"
"Jung","Catherine","","1950-12-19","74","White","Female","2025-01-05","2025-01-26","21","Emergency","Gastrointestinal bleeding / abdominal pain","K92","Other diseases of digestive system","Home / Self Care","Medicare"
"Gutierrez","Leilani","Marquis","1954-06-09","70","White","Female","2025-05-16","2025-05-19","3","Emergency","Head injury / loss of consciousness / confusion","S06","Intracranial injury","Long-Term Care Hospital","Medicare"
"Benson","Donna","Minji","1934-02-02","91","White","Female","2025-04-29","2025-05-09","10","Emergency","Fatigue / swelling / decreased urine output","N18","Chronic kidney disease","Home with Home Health Services","Medicare"
"Morales","Hieu","","1934-01-12","91","Asian","Male","2025-04-04","2025-04-10","6","Elective","Traumatic injury","T14","Injury of unspecified body region","Home / Self Care","Self-Pay / Uninsured"
"Kelly","Carlos","R.","1999-01-12","26","Asian","Male","2025-04-29","2025-05-03","4","Elective","Sudden shortness of breath / pleuritic chest pain","I26","Pulmonary embolism","Home with Home Health Services","Medicaid"
"Aziz","Isabella","Emma","1988-11-30","36","White","Female","2025-03-13","2025-03-19","6","Emergency","Fever / cough / shortness of breath","J18","Pneumonia, unspecified organism","Expired","Commercial/Private Insurance"
"Flores","Rania","Hyun","1984-05-18","40","White","Female","2025-03-07","2025-03-08","1","Elective","Weakness / confusion / electrolyte abnormality","E87","Other disorders of fluid/electrolyte balance","Skilled Nursing Facility","Other / Unknown"
"Perry","Bogdan","","1941-11-06","83","Asian","Male","2025-01-05","2025-01-07","2","Elective","Leg pain / swelling / trauma","S82","Fracture of lower leg","Hospice - Medical Facility","Medicare"
"Guerrero","Leticia","Shirley","1973-03-28","51","Black or African American","Female","2025-01-03","2025-01-04","1","Elective","Elevated blood sugar / fatigue / frequent urination","E11","Type 2 diabetes mellitus","Hospice - Home","Medicaid"
"Garcia","Iesha","Latoya","1975-11-02","49","White","Female","2025-07-18","2025-07-23","5","Urgent","Pain management","G89","Pain not elsewhere classified","Home / Self Care","Medicare"
"Stepanov","Tamika","Minji","1954-03-12","70","White","Female","2025-02-03","2025-02-16","13","Elective","Hip pain / fall / inability to bear weight","S72","Fracture of femur","Skilled Nursing Facility","Medicare"
"Gutierrez","Dorothy","","1983-08-13","41","White","Unknown","2025-02-09","2025-02-13","4","Urgent","Shortness of breath / wheezing","J44","Chronic obstructive pulmonary disease","Home / Self Care","Other / Unknown"
"Aziz","Heather","Lamar","1953-10-05","71","White","Female","2025-01-26","2025-01-27","1","Emergency","Dizziness / weakness / decreased urine output","E86","Volume depletion/dehydration","Home / Self Care","Medicare"
"Brown","Koa","Rosa","1989-11-09","35","White","Male","2025-07-17","2025-07-20","3","Emergency","Opioid withdrawal / overdose","F11","Opioid-related disorders","Home / Self Care","Commercial/Private Insurance"
"Gonzalez","Kekoa","Terrell","1966-11-06","58","White","Male","2025-04-08","2025-04-11","3","Emergency","Knee pain / swelling","M17","Osteoarthritis of knee","Home / Self Care","Commercial/Private Insurance"
"Ali","Mei","Helen","1999-10-02","25","Asian","Female","2025-03-14","2025-03-19","5","Emergency","Fatigue / swelling / decreased urine output","N18","Chronic kidney disease","Home / Self Care","Medicare"
"Chen","Paul","Latasha","2012-07-12","12","Black or African American","Male","2025-01-03","2025-01-08","5","Urgent","Fever / cough / shortness of breath","J18","Pneumonia, unspecified organism","Another Short-Term Hospital","Medicaid"
"Ramos","Jerry","Fernando","2004-05-17","21","White","Male","2025-06-29","2025-07-06","7","Emergency","Leg pain / claudication","I70","Atherosclerosis","Other","Medicare"
"Yamada","Nicole","Timothy","1969-01-25","56","Asian","Female","2025-02-11","2025-02-15","4","Emergency","Altered mental status / withdrawal symptoms","F10","Alcohol-related disorders","Home with Home Health Services","Commercial/Private Insurance"
"Ward","Terrell","","1993-03-01","32","White","Unknown","2025-03-02","2025-03-04","2","Elective","Fever / cough / shortness of breath","J18","Pneumonia, unspecified organism","Hospice - Home","Medicare"
"Garcia","Lucia","P.","1983-01-08","42","Unknown","Female","2025-04-10","2025-04-12","2","Elective","Cough / hemoptysis / weight loss","C34","Malignant neoplasm of bronchus and lung","Hospice - Home","Self-Pay / Uninsured"
"Kealoha","Samantha","L.","1982-11-02","42","White","Female","2025-03-05","2025-03-06","1","Elective","Flank pain / blood in urine","N20","Calculus of kidney and ureter","Inpatient Rehabilitation Facility","Medicaid"
"Do","Scott","Patricia","2020-05-02","4","White","Male","2025-03-30","2025-04-01","2","Emergency","Elevated blood pressure / headache","I10","Essential hypertension","Skilled Nursing Facility","Self-Pay / Uninsured"
"Park","Sanjay","A.","1947-11-08","77","White","Male","2025-02-26","2025-03-10","12","Emergency","Fever / cough / shortness of breath","J18","Pneumonia, unspecified organism","Hospice - Home","Medicare"
"Karimi","Arjun","Junho","1938-06-14","87","White","Male","2025-07-05","2025-07-10","5","Emergency","Palpitations / irregular heartbeat","I48","Atrial fibrillation and flutter","Home / Self Care","Medicare"
"Kealoha","Rekha","Deepa","1994-01-08","31","Unknown","Female","2025-04-05","2025-04-10","5","Urgent","Altered mental status / withdrawal symptoms","F10","Alcohol-related disorders","Home / Self Care","Other / Unknown"
"Gutierrez","Robert","","1973-02-13","52","White","Male","2025-04-16","2025-04-24","8","Elective","Shortness of breath / leg swelling","I50","Heart failure","Home / Self Care","Medicaid"
"Green","Pamela","Kekoa","1977-01-22","48","White","Female","2025-01-16","2025-01-21","5","Urgent","Anxiety / panic attack","F41","Anxiety disorders","Home with Home Health Services","Commercial/Private Insurance"
"Long","Laura","Lani","1950-01-01","75","Asian","Female","2025-06-05","2025-06-13","8","Urgent","Fever / chills / hypotension / altered mental status","A41","Sepsis","Home / Self Care","Medicare"
"Kim","Yasmin","Alexander","1936-12-12","88","Asian","Female","2025-04-25","2025-04-30","5","Urgent","Back pain / fall","M80","Osteoporosis with pathological fracture","Home / Self Care","Commercial/Private Insurance"
"Sanchez","Donna","","2007-02-09","17","White","Female","2025-01-28","2025-01-31","3","Elective","Weakness / vision changes / neurological symptoms","G35","Multiple sclerosis","Hospice - Home","Commercial/Private Insurance"
"Chavez","Rika","Puja","1934-06-14","90","Black or African American","Female","2025-02-04","2025-02-10","6","Emergency","Abdominal pain / rectal bleeding / weight loss","C18","Malignant neoplasm of colon","Expired","Medicare"
"Roberts","Jiyeon","Amanda","1957-09-07","67","Unknown","Female","2025-07-16","2025-07-17","1","Urgent","Flank pain / blood in urine","N20","Calculus of kidney and ureter","Home with Home Health Services","Medicare"
"Lebedev","Hieu","A.","1980-01-20","45","White","Male","2025-07-19","2025-07-22","3","Urgent","Fatigue / weakness / pallor","D64","Other anemias","Expired","Medicare"
"Jimenez","Joshua","Kevin","1958-10-05","66","White","Male","2025-01-14","2025-01-17","3","Emergency","Severe abdominal pain / nausea / vomiting","K85","Acute pancreatitis","Another Short-Term Hospital","Commercial/Private Insurance"
"Bennett","Brian","Benjamin","2019-07-24","5","Asian","Male","2025-05-08","2025-05-11","3","Emergency","Urinary frequency / burning / fever","N39","Other disorders of urinary system","Inpatient Rehabilitation Facility","Medicaid"
"Lewis","Edward","","1963-08-07","61","White","Male","2025-02-22","2025-03-02","8","Emergency","Hip pain / fall / inability to bear weight","S72","Fracture of femur","Inpatient Rehabilitation Facility","Medicare"
"Edwards","Shota","Sergio","1948-12-22","76","White","Male","2025-01-14","2025-01-17","3","Emergency","Skin breakdown / wound care","L89","Pressure ulcer","Home / Self Care","Medicare"
"Jenkins","Ashley","Kaimana","2018-01-23","7","White","Female","2025-02-08","2025-02-12","4","Elective","Leg pain / swelling / trauma","S82","Fracture of lower leg","Home / Self Care","Commercial/Private Insurance"
"James","Daniela","Lynn","2006-05-06","19","Black or African American","Female","2025-07-15","2025-07-19","4","Urgent","Neck or back pain / numbness","M48","Other spondylopathies","Home / Self Care","Medicaid"
"Kobayashi","Ronald","Francisco","1971-09-02","53","White","Male","2025-04-16","2025-04-17","1","Emergency","Sudden weakness / facial droop","I63","Cerebral infarction","Long-Term Care Hospital","Medicare"
"Jones","Timothy","Aaliyah","1984-01-12","41","White","Male","2025-03-30","2025-04-03","4","Emergency","Altered mental status / withdrawal symptoms","F10","Alcohol-related disorders","Home / Self Care","Commercial/Private Insurance"
"Roberts","Cynthia","H.","2015-08-21","9","White","Female","2025-03-11","2025-03-14","3","Urgent","Fatigue / weakness / pallor","D64","Other anemias","Home / Self Care","Other / Unknown"
"Collins","James","Paul","1949-12-12","75","Black or African American","Male","2025-02-20","2025-02-28","8","Emergency","Shortness of breath / leg swelling","I50","Heart failure","Another Short-Term Hospital","Medicaid"
"Bell","Vasil","Ali","1972-02-20","53","Asian","Male","2025-03-17","2025-03-18","1","Emergency","Seizure","G40","Epilepsy and recurrent seizures","Skilled Nursing Facility","Self-Pay / Uninsured"
"Diaz","Lisa","Bogdan","1945-07-26","79","White","Female","2025-02-17","2025-02-22","5","Emergency","Back pain","M54","Dorsalgia","Home with Home Health Services","Medicare"
"Cooper","Ryan","Luis","1965-03-11","59","White","Male","2025-01-17","2025-01-19","2","Emergency","Flank pain / blood in urine","N20","Calculus of kidney and ureter","Home / Self Care","Medicare"
"Vega","Margaret","","1973-09-28","51","Asian","Female","2025-03-23","2025-03-26","3","Emergency","Leg pain / swelling / trauma","S82","Fracture of lower leg","Home / Self Care","Medicare"
"Mehta","Alexei","","2001-05-23","23","Unknown","Male","2025-03-27","2025-04-06","10","Emergency","Fatigue / weakness / pallor","D64","Other anemias","Home / Self Care","Medicaid"
"Zhao","Michelle","Nancy","1938-04-18","87","Unknown","Female","2025-05-30","2025-05-31","1","Emergency","Gastrointestinal bleeding / abdominal pain","K92","Other diseases of digestive system","Home with Home Health Services","Medicaid"
"Torres","Joshua","","2014-01-26","11","White","Male","2025-02-07","2025-02-12","5","Emergency","Leg pain / claudication","I70","Atherosclerosis","Left Against Medical Advice","Commercial/Private Insurance"
"He","Daniela","","1977-01-19","48","White","Female","2025-06-18","2025-06-19","1","Emergency","Gastrointestinal bleeding / abdominal pain","K92","Other diseases of digestive system","Home / Self Care","Self-Pay / Uninsured"
"Sun","Long","","2019-01-05","6","White","Male","2025-03-22","2025-03-25","3","Emergency","Vomiting / diarrhea / dehydration in child","A08","Viral intestinal infections","Home / Self Care","Commercial/Private Insurance"
"Mehta","Anjali","","1992-11-11","32","White","Female","2025-02-13","2025-02-19","6","Urgent","Fatigue / swelling / decreased urine output","N18","Chronic kidney disease","Home / Self Care","Other / Unknown"
"Patel","Tariq","Long","1994-04-21","31","White","Male","2025-07-20","2025-07-23","3","Emergency","Fatigue / swelling / decreased urine output","N18","Chronic kidney disease","Home / Self Care","Commercial/Private Insurance"
"Holloway","Rachel","A.","1938-04-29","86","White","Female","2025-01-20","2025-02-07","18","Elective","Hip pain / fall / inability to bear weight","S72","Fracture of femur","Skilled Nursing Facility","Commercial/Private Insurance"
"Faga","Marquis","Patrick","1960-10-03","64","White","Male","2025-06-19","2025-06-28","9","Emergency","Sudden weakness / facial droop","I63","Cerebral infarction","Home / Self Care","Commercial/Private Insurance"
"Cook","Larry","Arjun","1980-01-08","45","Unknown","Male","2025-06-25","2025-06-27","2","Urgent","Cough / hemoptysis / weight loss","C34","Malignant neoplasm of bronchus and lung","Skilled Nursing Facility","Commercial/Private Insurance"
"Lin","Samir","R.","1953-04-28","71","Black or African American","Male","2025-02-04","2025-02-17","13","Emergency","Hip pain / fall / inability to bear weight","S72","Fracture of femur","Home / Self Care","Medicare"
"Smith","Natasha","","2008-07-26","16","Black or African American","Female","2025-05-17","2025-05-28","11","Emergency","Anxiety / panic attack","F41","Anxiety disorders","Inpatient Rehabilitation Facility","Self-Pay / Uninsured"
"Wang","Phuong","Timothy","1933-08-07","92","White","Female","2025-07-15","2025-07-17","2","Elective","Head injury / loss of consciousness / confusion","S06","Intracranial injury","Skilled Nursing Facility","Medicare"
"Collins","Seung","","1942-02-16","83","Asian","Male","2025-04-26","2025-05-01","5","Emergency","Traumatic injury","T14","Injury of unspecified body region","Home / Self Care","Medicare"
"Ngo","Amit","Dmitri","1961-12-13","63","White","Male","2025-04-15","2025-04-20","5","Elective","Fever / infection","A49","Bacterial infection, unspecified","Home / Self Care","Medicare"
"Verma","Rania","Pooja","1963-06-15","61","White","Female","2025-04-17","2025-04-20","3","Emergency","Psychosis / hallucinations / disorganized behavior","F20","Schizophrenia","Home / Self Care","Medicare"
"Long","Alexander","Donald","1934-08-13","90","Asian","Male","2025-02-24","2025-02-25","1","Emergency","Elevated blood pressure / headache","I10","Essential hypertension","Hospice - Home","Medicare"
"Medina","Carlos","Anna","1959-12-18","65","Black or African American","Male","2025-01-22","2025-01-26","4","Emergency","Sore throat / congestion / fever","J06","Acute upper respiratory infection","Other","Medicare"
"Patel","Damon","Karen","1953-07-06","71","White","Male","2025-01-24","2025-02-01","8","Urgent","Flank pain / blood in urine","N20","Calculus of kidney and ureter","Expired","Medicare"
"Kelly","Jason","Natasha","1997-09-30","27","Asian","Male","2025-03-17","2025-03-20","3","Urgent","Altered mental status / withdrawal symptoms","F10","Alcohol-related disorders","Another Short-Term Hospital","Medicare"
"Thompson","Yang","","1970-02-17","55","Unknown","Male","2025-04-02","2025-04-06","4","Emergency","Hip pain / fall / inability to bear weight","S72","Fracture of femur","Home with Home Health Services","Medicaid"
"Diaz","William","Margaret","2010-06-21","14","Asian","Male","2025-04-15","2025-04-26","11","Emergency","Abdominal pain / vomiting / inability to pass stool","K56","Paralytic ileus and intestinal obstruction","Home with Home Health Services","Commercial/Private Insurance"
"Martinez","Gregory","Sunita","1976-07-23","48","White","Male","2025-03-26","2025-03-28","2","Urgent","Psychosis / hallucinations / disorganized behavior","F20","Schizophrenia","Home / Self Care","Commercial/Private Insurance"
"Jenkins","Anna","Thuy","2014-12-06","10","White","Female","2025-06-21","2025-06-26","5","Emergency","Fever / chills / hypotension / altered mental status","A41","Sepsis","Left Against Medical Advice","Medicaid"
"Suarez","Nana","Hui","1936-02-02","89","Asian","Female","2025-04-30","2025-05-09","9","Elective","Fatigue / swelling / decreased urine output","N18","Chronic kidney disease","Skilled Nursing Facility","Medicaid"
"Hughes","Gloria","Mae","1990-03-30","35","Asian","Female","2025-04-15","2025-04-24","9","Emergency","Palpitations / irregular heartbeat","I48","Atrial fibrillation and flutter","Home / Self Care","Medicaid"
"Gray","Gary","Frank","1982-10-25","42","White","Male","2025-01-06","2025-01-09","3","Urgent","Fever / cough / shortness of breath","J18","Pneumonia, unspecified organism","Home / Self Care","Commercial/Private Insurance"
"Price","Tuan","","1953-05-23","71","Asian","Male","2025-04-21","2025-04-26","5","Elective","Right lower quadrant pain / fever","K35","Acute appendicitis","Home / Self Care","Medicare"
"Sanchez","Puja","Stephen","1947-05-16","78","White","Female","2025-06-08","2025-06-16","8","Elective","Shortness of breath / wheezing","J44","Chronic obstructive pulmonary disease","Skilled Nursing Facility","Medicare"
"Bell","Olga","Yuna","2019-03-07","6","White","Female","2025-06-02","2025-06-08","6","Emergency","Pain management","G89","Pain not elsewhere classified","Home / Self Care","Medicaid"
"Flores","Sharon","","1981-01-23","44","White","Female","2025-05-11","2025-05-14","3","Emergency","Premature rupture of membranes","O42","Premature rupture of membranes","Home / Self Care","Self-Pay / Uninsured"
"Medina","Phuong","Gloria","1964-08-19","60","Asian","Female","2025-01-01","2025-01-02","1","Emergency","Breast mass / breast pain","C50","Malignant neoplasm of breast","Home / Self Care","Medicaid"
"Yamaguchi","Nadia","Latoya","2023-12-10","1","Asian","Female","2025-01-03","2025-01-05","2","Elective","Elevated blood sugar / fatigue / frequent urination","E11","Type 2 diabetes mellitus","Home with Home Health Services","Medicaid"
"Guo","Rachel","Tui","1930-01-23","95","Black or African American","Female","2025-01-05","2025-01-08","3","Urgent","Fever / cough / shortness of breath","J18","Pneumonia, unspecified organism","Skilled Nursing Facility","Medicare"
"Tran","Karen","","1932-02-19","93","White","Female","2025-05-18","2025-05-19","1","Elective","Chest discomfort / exertional angina","I25","Chronic ischemic heart disease","Home with Home Health Services","Medicare"
"Thomas","Xiu","Andre","1988-06-22","36","Asian","Female","2025-03-21","2025-03-23","2","Urgent","Fatigue / weakness / pallor","D64","Other anemias","Home / Self Care","Medicare"
"King","Hyejin","","1988-02-26","37","White","Female","2025-05-30","2025-06-01","2","Elective","Altered mental status / substance intoxication","F19","Other psychoactive substance disorders","Home / Self Care","Medicare"
"Collins","Pavel","Wei","2011-03-04","13","Unknown","Male","2025-02-27","2025-03-03","4","Urgent","Elevated blood pressure / headache","I10","Essential hypertension","Home / Self Care","Medicaid"
"Herrera","Lamar","Jing","1965-08-25","59","White","Male","2025-04-24","2025-05-15","21","Urgent","Hip pain / fall / inability to bear weight","S72","Fracture of femur","Home with Home Health Services","Self-Pay / Uninsured"
"Walker","Victor","V.","1982-01-29","43","White","Male","2025-05-22","2025-05-23","1","Emergency","Anxiety / panic attack","F41","Anxiety disorders","Another Short-Term Hospital","Commercial/Private Insurance"
"Patel","Mary","Christopher","1949-03-14","76","White","Female","2025-06-05","2025-06-07","2","Emergency","Knee pain / swelling","M17","Osteoarthritis of knee","Skilled Nursing Facility","Commercial/Private Insurance"
"Anderson","Daisuke","Ming","1951-03-19","74","Unknown","Male","2025-07-06","2025-07-07","1","Emergency","Traumatic injury","T14","Injury of unspecified body region","Skilled Nursing Facility","Medicare"
"Sanders","Miroslav","Nicole","1946-06-11","78","White","Male","2025-02-11","2025-02-14","3","Emergency","Seizure","G40","Epilepsy and recurrent seizures","Home with Home Health Services","Medicare"
"Richardson","Khalid","Ryo","2020-05-26","5","White","Male","2025-06-18","2025-06-20","2","Elective","Premature birth / low birth weight","P07","Disorders related to short gestation/low birth weight","Other","Commercial/Private Insurance"
"Moreno","Meena","","1937-06-14","87","White","Female","2025-05-01","2025-05-04","3","Emergency","Hip pain / difficulty walking","M16","Osteoarthritis of hip","Skilled Nursing Facility","Other / Unknown"
"Ramos","Puja","Manuel","1957-08-25","67","Asian","Female","2025-01-27","2025-01-28","1","Emergency","Cough / fever / chest congestion","J22","Acute lower respiratory infection","Home / Self Care","Medicare"
"Ma","Shirley","Katherine","1984-08-30","40","White","Female","2025-04-22","2025-05-12","20","Elective","Fever / chills / hypotension / altered mental status","A41","Sepsis","Home / Self Care","Commercial/Private Insurance"
"Chavez","Ashley","Hassan","2004-03-13","21","White","Female","2025-05-30","2025-06-02","3","Elective","Palpitations / irregular heartbeat","I48","Atrial fibrillation and flutter","Home / Self Care","Commercial/Private Insurance"
"Verma","Sharon","","1936-10-28","88","White","Female","2025-07-19","2025-07-28","9","Urgent","Back pain / fall","M80","Osteoporosis with pathological fracture","Hospice - Home","Medicare"
"Tran","Hieu","","1992-10-27","32","White","Male","2025-02-10","2025-02-13","3","Emergency","Fever / cough / shortness of breath","J18","Pneumonia, unspecified organism","Home with Home Health Services","Commercial/Private Insurance"
"Huang","Angela","Anjali","1979-02-22","45","White","Female","2025-02-06","2025-02-22","16","Emergency","Elevated blood sugar / fatigue / frequent urination","E11","Type 2 diabetes mellitus","Home / Self Care","Medicare"
"Hughes","Jack","Puja","1935-12-19","89","Asian","Male","2025-07-05","2025-07-12","7","Elective","Abdominal pain / jaundice","K70","Alcoholic liver disease","Inpatient Rehabilitation Facility","Medicare"
"Dang","Larry","Pavel","1992-09-26","32","White","Male","2025-03-06","2025-03-12","6","Elective","Mood disturbance / mania / depression","F31","Bipolar disorder","Home with Home Health Services","Other / Unknown"
"Gao","Anjali","M.","1934-09-06","90","White","Female","2025-05-10","2025-05-18","8","Urgent","Urinary frequency / burning / fever","N39","Other disorders of urinary system","Skilled Nursing Facility","Medicare"
"Morozov","Takeshi","Ronald","2012-06-09","13","White","Male","2025-07-20","2025-07-30","10","Elective","Dizziness / weakness / decreased urine output","E86","Volume depletion/dehydration","Home / Self Care","Medicaid"
"Martin","Gabriela","Eunji","2015-05-11","9","White","Female","2025-03-30","2025-04-15","16","Emergency","Leg pain / swelling / trauma","S82","Fracture of lower leg","Home / Self Care","Commercial/Private Insurance"
"Kato","Jessica","Jessica","1937-02-09","88","Asian","Female","2025-02-03","2025-02-20","17","Emergency","Cough / hemoptysis / weight loss","C34","Malignant neoplasm of bronchus and lung","Expired","Medicare"
"Kozlov","Charles","Sonja","1944-11-24","80","Asian","Male","2025-02-10","2025-02-17","7","Emergency","Psychosis / hallucinations / disorganized behavior","F20","Schizophrenia","Home / Self Care","Commercial/Private Insurance"
"Singh","Nikolai","Fang","2003-10-10","21","White","Male","2025-06-23","2025-07-14","21","Emergency","Skin breakdown / wound care","L89","Pressure ulcer","Inpatient Rehabilitation Facility","Commercial/Private Insurance"
"Liu","Alana","Emily","1954-03-07","71","Asian","Female","2025-03-06","2025-03-11","5","Emergency","Chest discomfort / exertional angina","I25","Chronic ischemic heart disease","Inpatient Rehabilitation Facility","Medicare"
"Lin","Rika","Mariana","1974-06-13","51","White","Female","2025-06-22","2025-06-27","5","Urgent","Fatigue / swelling / decreased urine output","N18","Chronic kidney disease","Home / Self Care","Commercial/Private Insurance"
"Holt","George","J.","1950-12-05","74","White","Male","2025-07-30","2025-08-01","2","Urgent","Fever / cough / shortness of breath","J18","Pneumonia, unspecified organism","Another Short-Term Hospital","Medicare"
"Bennett","Lan","Fatima","1984-12-06","40","White","Female","2025-06-01","2025-06-15","14","Elective","Bleeding / bruising","D68","Other coagulation defects","Hospice - Home","Commercial/Private Insurance"
"Chavez","Minji","J.","1991-06-18","33","White","Female","2025-05-24","2025-05-26","2","Emergency","Back pain","M54","Dorsalgia","Home / Self Care","Medicare"
"Omar","Trayvon","D.","1947-02-03","78","White","Male","2025-03-04","2025-03-05","1","Emergency","Sudden shortness of breath / pleuritic chest pain","I26","Pulmonary embolism","Skilled Nursing Facility","Commercial/Private Insurance"
"Ward","Nana","Pavel","1981-09-11","43","White","Female","2025-05-11","2025-05-18","7","Urgent","Back pain / fall / trauma","S32","Fracture of lumbar spine and pelvis","Long-Term Care Hospital","Other Government"
"Sharma","Shota","","1982-07-09","42","Unknown","Male","2025-02-12","2025-02-15","3","Elective","Abdominal swelling / jaundice","K74","Fibrosis and cirrhosis of liver","Home / Self Care","Medicare"
"Sullivan","Sonia","George","1953-04-29","72","Unknown","Female","2025-06-10","2025-06-16","6","Emergency","Palpitations / irregular heartbeat","I48","Atrial fibrillation and flutter","Home / Self Care","Medicare"
"Sanders","Camila","","1955-04-23","70","White","Female","2025-07-09","2025-07-11","2","Urgent","Palpitations / irregular heartbeat","I48","Atrial fibrillation and flutter","Home with Home Health Services","Other Government"
"Jefferson","Robert","Ming","2022-07-02","2","Black or African American","Male","2025-01-01","2025-01-03","2","Urgent","Back pain / fall / trauma","S32","Fracture of lumbar spine and pelvis","Inpatient Rehabilitation Facility","Medicaid"
"Butler","Miguel","Emily","2009-11-06","15","White","Male","2025-04-25","2025-04-28","3","Emergency","Shortness of breath / wheezing","J44","Chronic obstructive pulmonary disease","Home / Self Care","Commercial/Private Insurance"
"Vo","Dennis","T.","2006-04-10","19","White","Male","2025-04-28","2025-04-29","1","Emergency","Traumatic injury","T14","Injury of unspecified body region","Home / Self Care","Medicare"
"Cho","Sarah","Ryan","1987-05-26","37","White","Female","2025-02-22","2025-02-23","1","Urgent","Right lower quadrant pain / fever","K35","Acute appendicitis","Home with Home Health Services","Medicaid"
"Torres","Brenda","Tiffany","1933-10-12","91","Unknown","Female","2025-06-13","2025-06-25","12","Emergency","Weakness / confusion / electrolyte abnormality","E87","Other disorders of fluid/electrolyte balance","Home / Self Care","Medicare"
"Gonzalez","Eunji","","1994-08-02","30","Asian","Female","2025-01-15","2025-01-21","6","Urgent","Respiratory distress","J96","Respiratory failure","Hospice - Medical Facility","Medicare"
"Yoshida","Sonia","Jennifer","1972-11-06","52","White","Female","2025-04-18","2025-04-21","3","Elective","Altered mental status / withdrawal symptoms","F10","Alcohol-related disorders","Home / Self Care","Self-Pay / Uninsured"
"Li","Duc","Sonia","1948-05-08","77","White","Male","2025-05-25","2025-05-29","4","Emergency","Leg pain / claudication","I70","Atherosclerosis","Skilled Nursing Facility","Medicaid"
"Menon","Koa","Deshawn","1970-10-24","54","Asian","Male","2025-03-25","2025-03-31","6","Emergency","Shortness of breath / leg swelling","I50","Heart failure","Long-Term Care Hospital","Medicare"
"Chen","Margaret","David","2018-03-29","6","Asian","Female","2025-03-03","2025-03-05","2","Urgent","Dizziness / weakness / decreased urine output","E86","Volume depletion/dehydration","Another Short-Term Hospital","Commercial/Private Insurance"
"Luo","Elena","R.","1936-08-26","88","Asian","Female","2025-04-07","2025-05-03","26","Urgent","Sudden weakness / facial droop","I63","Cerebral infarction","Inpatient Rehabilitation Facility","Medicare"
"Ortiz","Camila","Barbara","1983-05-17","42","White","Female","2025-07-19","2025-07-24","5","Emergency","Gastrointestinal bleeding / abdominal pain","K92","Other diseases of digestive system","Home with Home Health Services","Other Government"
"Flores","Tariq","Nasser","1940-06-26","84","Asian","Male","2025-01-12","2025-01-22","10","Emergency","Elevated blood pressure / headache","I10","Essential hypertension","Home / Self Care","Commercial/Private Insurance"
"Taylor","Alejandro","Donghyun","2005-03-08","19","White","Male","2025-01-19","2025-01-28","9","Urgent","Psychosis / hallucinations / disorganized behavior","F20","Schizophrenia","Skilled Nursing Facility","Medicare"
"Nguyen","Linh","","1980-02-16","45","White","Female","2025-04-04","2025-04-08","4","Emergency","Shortness of breath / leg swelling","I50","Heart failure","Expired","Other Government"
"Watts","Matthew","Michael","1981-03-01","44","White","Male","2025-06-05","2025-06-11","6","Urgent","Urinary frequency / burning / fever","N39","Other disorders of urinary system","Home / Self Care","Medicare"
"Zheng","Jonathan","Monique","1947-11-20","77","Asian","Male","2025-03-13","2025-03-15","2","Urgent","Cough / hemoptysis / weight loss","C34","Malignant neoplasm of bronchus and lung","Home with Home Health Services","Medicare"
"Price","Kekoa","J.","1968-02-09","57","White","Male","2025-04-18","2025-04-25","7","Emergency","Fatigue / weakness / pallor","D64","Other anemias","Inpatient Rehabilitation Facility","Medicaid"
"Karimi","Anjali","Daniela","1944-11-03","80","White","Female","2025-03-12","2025-03-14","2","Urgent","Abdominal pain / bloating","K57","Diverticular disease of intestine","Skilled Nursing Facility","Medicare"
"Do","Karen","Larry","1961-02-27","64","White","Female","2025-03-09","2025-03-13","4","Urgent","Fatigue / swelling / decreased urine output","N18","Chronic kidney disease","Left Against Medical Advice","Commercial/Private Insurance"
"Foster","Hui","Li","1996-11-18","28","White","Female","2025-04-12","2025-04-13","1","Emergency","Fever / cough / shortness of breath","J18","Pneumonia, unspecified organism","Skilled Nursing Facility","Medicare"
"Yoshida","Arun","Pooja","1976-03-15","48","White","Male","2025-01-16","2025-01-18","2","Urgent","Fatigue / swelling / decreased urine output","N18","Chronic kidney disease","Home / Self Care","Medicaid"
"Gomez","Edward","F.","1954-09-05","70","White","Male","2025-07-17","2025-07-29","12","Emergency","Urinary frequency / burning / fever","N39","Other disorders of urinary system","Home / Self Care","Medicaid"
"Kahananui","Robert","Rohit","1937-11-30","87","Asian","Male","2025-07-10","2025-07-12","2","Urgent","Fever / cough / shortness of breath","J18","Pneumonia, unspecified organism","Skilled Nursing Facility","Commercial/Private Insurance"
"Stewart","Hyun","Jean","1947-09-11","77","White","Male","2025-02-24","2025-02-26","2","Elective","Mood disturbance / mania / depression","F31","Bipolar disorder","Inpatient Rehabilitation Facility","Medicare"
"Morris","Arun","Cynthia","1996-07-28","28","White","Male","2025-06-08","2025-06-12","4","Emergency","Abdominal pain / bloating","K57","Diverticular disease of intestine","Home / Self Care","Other Government"
"Howard","Andrew","Irina","2010-09-15","14","White","Male","2025-05-02","2025-05-03","1","Elective","Neck or back pain / numbness","M48","Other spondylopathies","Home with Home Health Services","Commercial/Private Insurance"
"Vega","Eric","Jack","1978-11-14","46","Unknown","Male","2025-07-11","2025-07-17","6","Emergency","Chest pain","I21","Acute myocardial infarction","Skilled Nursing Facility","Other Government"
"Guerrero","Isabella","Svetlana","2005-01-07","20","Unknown","Female","2025-04-10","2025-04-11","1","Emergency","Palpitations / irregular heartbeat","I48","Atrial fibrillation and flutter","Home / Self Care","Medicare"
"Aziz","Carmen","Reed","1954-12-24","70","White","Female","2025-04-12","2025-04-15","3","Elective","Shortness of breath / wheezing","J44","Chronic obstructive pulmonary disease","Left Against Medical Advice","Commercial/Private Insurance"
"Holloway","Katherine","","2007-05-21","18","Asian","Female","2025-07-08","2025-07-11","3","Emergency","Sudden shortness of breath / pleuritic chest pain","I26","Pulmonary embolism","Home / Self Care","Commercial/Private Insurance"
"Aguilar","Omar","P.","2004-05-26","20","Asian","Male","2025-04-23","2025-04-28","5","Emergency","Depression / suicidal ideation","F32","Major depressive disorder, single episode","Other","Medicaid"
"Novak","Anita","Mark","2007-03-09","18","Asian","Female","2025-05-26","2025-06-03","8","Elective","Weight loss / fatigue / pain","C80","Malignant neoplasm, unspecified","Home / Self Care","Medicare"
"Guo","Yuki","M.","1936-02-22","88","White","Female","2025-01-25","2025-01-27","2","Urgent","Traumatic injury","T14","Injury of unspecified body region","Home / Self Care","Medicare"
"Perez","Roberto","M.","1957-11-08","67","White","Male","2025-03-12","2025-03-20","8","Emergency","Opioid withdrawal / overdose","F11","Opioid-related disorders","Long-Term Care Hospital","Medicare"
"Liu","Andrei","Katherine","1947-08-05","77","White","Male","2025-01-16","2025-01-21","5","Urgent","Elevated blood sugar / fatigue / frequent urination","E11","Type 2 diabetes mellitus","Skilled Nursing Facility","Other / Unknown"
"Davis","Kavita","","1960-12-20","64","Asian","Female","2025-04-26","2025-04-27","1","Emergency","Diarrhea / nausea / vomiting / abdominal cramps","A04","Other bacterial intestinal infections","Other","Medicare"
"Ortega","Mary","Elena","1984-02-02","41","White","Female","2025-06-30","2025-07-09","9","Urgent","Flank pain / urinary difficulty","N13","Obstructive and reflux uropathy","Home / Self Care","Medicare"
"Price","Phuong","Francisco","1987-07-30","37","Unknown","Female","2025-02-22","2025-02-27","5","Emergency","Severe abdominal pain / nausea / vomiting","K85","Acute pancreatitis","Home / Self Care","Commercial/Private Insurance"
"Yamada","Marcus","Alika","1995-03-27","30","Black or African American","Male","2025-05-09","2025-05-13","4","Emergency","Weakness / confusion / electrolyte abnormality","E87","Other disorders of fluid/electrolyte balance","Home / Self Care","Commercial/Private Insurance"
"Novak","Ravi","","1953-04-26","71","White","Male","2025-01-03","2025-01-04","1","Emergency","Chest discomfort / exertional angina","I25","Chronic ischemic heart disease","Home / Self Care","Medicare"
"Taufa","Daniel","Dmitri","2007-09-10","17","White","Male","2025-07-03","2025-07-07","4","Elective","Respiratory distress","J96","Respiratory failure","Home / Self Care","Medicaid"
"Martin","Gregory","Kathleen","1949-05-11","76","Black or African American","Male","2025-06-20","2025-06-25","5","Elective","Sudden weakness / facial droop","I63","Cerebral infarction","Home / Self Care","Medicare"
"Do","Ivan","","1985-12-27","39","Asian","Male","2025-02-11","2025-02-13","2","Urgent","Leg pain / swelling / trauma","S82","Fracture of lower leg","Home with Home Health Services","Commercial/Private Insurance"
"Yamada","Malia","Seung","1975-08-05","49","Unknown","Female","2025-03-29","2025-03-30","1","Urgent","Altered mental status / withdrawal symptoms","F10","Alcohol-related disorders","Home / Self Care","Commercial/Private Insurance"
"Mitchell","Jasmine","Sue","2008-09-12","16","Asian","Female","2025-06-12","2025-06-14","2","Elective","Labor and delivery","O80","Encounter for full-term uncomplicated delivery","Home / Self Care","Self-Pay / Uninsured"
"Vargas","Rekha","Dmitri","2002-11-29","22","White","Female","2025-06-01","2025-06-12","11","Urgent","Respiratory distress","J96","Respiratory failure","Another Short-Term Hospital","Commercial/Private Insurance"
"Carter","Sonia","G.","2004-12-28","20","Asian","Female","2025-05-12","2025-05-15","3","Emergency","Flank pain / urinary difficulty","N13","Obstructive and reflux uropathy","Inpatient Rehabilitation Facility","Medicare"
"Garcia","Antonio","Yuki","2007-09-26","17","White","Male","2025-05-12","2025-05-30","18","Urgent","Skin breakdown / wound care","L89","Pressure ulcer","Other","Self-Pay / Uninsured"
"Perry","Daniel","S.","1943-12-17","81","Black or African American","Male","2025-05-06","2025-05-11","5","Elective","Severe abdominal pain / nausea / vomiting","K85","Acute pancreatitis","Long-Term Care Hospital","Medicare"
"Lebedev","Minji","Nasser","1942-10-30","82","White","Female","2025-01-04","2025-01-07","3","Emergency","Weakness / confusion / electrolyte abnormality","E87","Other disorders of fluid/electrolyte balance","Inpatient Rehabilitation Facility","Medicare"
"Park","Miguel","Nisha","2006-07-31","18","White","Male","2025-05-17","2025-05-21","4","Urgent","Abdominal pain / rectal bleeding / weight loss","C18","Malignant neoplasm of colon","Home / Self Care","Commercial/Private Insurance"
"Khalil","Hao","Lisa","1966-01-21","58","Black or African American","Male","2025-01-02","2025-01-03","1","Emergency","Palpitations / irregular heartbeat","I48","Atrial fibrillation and flutter","Home / Self Care","Medicaid"
"Novak","Aaliyah","","1944-03-25","81","White","Female","2025-07-08","2025-07-13","5","Emergency","Gastrointestinal bleeding / abdominal pain","K92","Other diseases of digestive system","Skilled Nursing Facility","Medicare"
"Ali","Valeria","Sione","1932-06-16","92","Unknown","Female","2025-01-16","2025-01-22","6","Emergency","Hip pain / fall / inability to bear weight","S72","Fracture of femur","Home / Self Care","Medicare"
"Popov","Jessica","Patricia","1941-05-29","83","Asian","Female","2025-02-28","2025-03-07","7","Emergency","Knee pain / swelling","M17","Osteoarthritis of knee","Inpatient Rehabilitation Facility","Medicare"
"Roberts","Adriana","Ryan","1958-02-02","67","Asian","Female","2025-01-22","2025-01-24","2","Urgent","Fever / cough / shortness of breath","J18","Pneumonia, unspecified organism","Home / Self Care","Medicare"
"Campbell","Kathleen","Ali","1971-07-17","53","Unknown","Female","2025-06-30","2025-07-18","18","Emergency","Weight loss / fatigue / pain","C80","Malignant neoplasm, unspecified","Home / Self Care","Commercial/Private Insurance"
"Benson","Kathleen","Jian","1936-10-26","88","Unknown","Female","2025-06-07","2025-06-09","2","Emergency","Chest pain","I21","Acute myocardial infarction","Inpatient Rehabilitation Facility","Medicare"
"Cox","Yuki","T.","1968-11-25","56","Unknown","Male","2025-02-18","2025-02-21","3","Emergency","Elevated blood sugar / fatigue / frequent urination","E11","Type 2 diabetes mellitus","Home / Self Care","Medicaid"
"Foster","Devonte","Hiroshi","1989-04-17","35","White","Male","2025-03-17","2025-03-24","7","Elective","Chest pain","I21","Acute myocardial infarction","Home / Self Care","Medicare"
"Vargas","Ying","Amanda","2018-10-09","6","Black or African American","Female","2025-05-04","2025-05-19","15","Emergency","Respiratory distress","J96","Respiratory failure","Home / Self Care","Other / Unknown"
"Jones","Natasha","Dmitri","1972-11-21","52","Asian","Female","2025-06-19","2025-06-21","2","Urgent","Leg pain / claudication","I70","Atherosclerosis","Other","Medicare"
"Reyes","Rahul","Jennifer","1940-01-11","85","Asian","Male","2025-01-23","2025-02-07","15","Emergency","Fever / chills / hypotension / altered mental status","A41","Sepsis","Another Short-Term Hospital","Medicare"
"Reed","Huong","D.","1968-02-09","57","Asian","Female","2025-06-19","2025-07-03","14","Urgent","Palpitations / irregular heartbeat","I48","Atrial fibrillation and flutter","Another Short-Term Hospital","Self-Pay / Uninsured"
"Sullivan","Edward","P.","1984-05-31","41","Black or African American","Male","2025-07-31","2025-08-08","8","Newborn","Redness / swelling / warmth of skin / fever","L03","Cellulitis and acute lymphangitis","Home / Self Care","Commercial/Private Insurance"
"Watts","Akiko","Latoya","1972-03-10","53","Unknown","Female","2025-04-19","2025-04-23","4","Urgent","Hip pain / difficulty walking","M16","Osteoarthritis of hip","Home / Self Care","Commercial/Private Insurance"
"Yang","Trayvon","Joshua","1992-09-24","32","Asian","Male","2025-06-05","2025-06-19","14","Emergency","Epigastric pain / nausea","K25","Gastric ulcer","Home / Self Care","Commercial/Private Insurance"
"Jones","Esperanza","","2006-02-23","19","White","Female","2025-02-28","2025-03-15","15","Emergency","Abdominal pain / bloating","K57","Diverticular disease of intestine","Home / Self Care","Commercial/Private Insurance"
"Zhao","Sione","Yuna","1954-11-13","70","Asian","Male","2025-05-18","2025-05-20","2","Urgent","Elevated blood sugar / fatigue / frequent urination","E11","Type 2 diabetes mellitus","Home / Self Care","Medicare"
"Nassir","Alejandra","Ming","2023-02-24","1","White","Female","2025-01-11","2025-01-12","1","Elective","Premature birth / low birth weight","P07","Disorders related to short gestation/low birth weight","Home / Self Care","Commercial/Private Insurance"
"Cheng","Yan","","1988-08-05","36","White","Female","2025-05-18","2025-05-28","10","Emergency","Urinary frequency / burning / fever","N39","Other disorders of urinary system","Home / Self Care","Commercial/Private Insurance"
"Scott","Raj","Javier","1967-06-17","57","White","Male","2025-01-20","2025-01-22","2","Emergency","Fever / cough / shortness of breath","J18","Pneumonia, unspecified organism","Home / Self Care","Commercial/Private Insurance"
"Young","Alexander","","1959-10-05","65","Unknown","Male","2025-06-28","2025-06-29","1","Urgent","Dizziness / weakness / decreased urine output","E86","Volume depletion/dehydration","Home / Self Care","Commercial/Private Insurance"
"Novak","Kendra","","1933-10-19","91","Asian","Female","2025-03-08","2025-03-13","5","Urgent","Fever / chills / hypotension / altered mental status","A41","Sepsis","Home with Home Health Services","Medicare"
"Garrett","Hieu","Stephanie","2001-01-21","24","White","Male","2025-04-06","2025-04-08","2","Emergency","Palpitations / irregular heartbeat","I48","Atrial fibrillation and flutter","Home with Home Health Services","Medicare"
"Nassir","Hyejin","Mariana","2003-08-09","21","Black or African American","Female","2025-03-14","2025-03-24","10","Emergency","Fever / cough / shortness of breath","J18","Pneumonia, unspecified organism","Home / Self Care","Medicaid"
"Torres","Sofia","Donald","1937-06-27","87","White","Female","2025-03-02","2025-03-12","10","Emergency","Tremor / rigidity / fall","G20","Parkinson's disease","Home / Self Care","Medicare"
"Sun","Jacob","","1939-01-30","86","Unknown","Male","2025-05-08","2025-05-15","7","Emergency","Chest discomfort / exertional angina","I25","Chronic ischemic heart disease","Home / Self Care","Medicare"
"Perez","Kenji","","1968-08-15","56","White","Male","2025-04-16","2025-04-23","7","Urgent","Respiratory distress","J96","Respiratory failure","Home with Home Health Services","Medicare"
"Castillo","Rahul","Seung","1989-12-28","35","White","Male","2025-04-16","2025-04-21","5","Emergency","Gastrointestinal bleeding / abdominal pain","K92","Other diseases of digestive system","Long-Term Care Hospital","Commercial/Private Insurance"
"Wilson","Rohit","Na","2012-10-07","12","White","Male","2025-01-10","2025-01-17","7","Elective","Decreased urine output / swelling","N17","Acute kidney failure","Home / Self Care","Other Government"
"Sullivan","Thuy","Eric","2022-12-26","2","Unknown","Female","2025-06-23","2025-06-28","5","Emergency","Decreased urine output / swelling","N17","Acute kidney failure","Another Short-Term Hospital","Self-Pay / Uninsured"
"Sullivan","Darius","","1938-09-22","86","Asian","Male","2025-01-19","2025-01-21","2","Emergency","Tremor / rigidity / fall","G20","Parkinson's disease","Home / Self Care","Medicare"
"Yamaguchi","Raul","Andrew","1951-09-08","73","White","Male","2025-07-03","2025-07-04","1","Elective","Seizure","G40","Epilepsy and recurrent seizures","Inpatient Rehabilitation Facility","Medicare"
"Jimenez","Nana","Dawn","1955-12-27","69","White","Female","2025-02-27","2025-03-02","3","Urgent","Forearm pain / trauma","S52","Fracture of forearm","Home / Self Care","Medicare"
"Ortiz","Donghyun","Ann","1940-09-15","84","Asian","Male","2025-04-03","2025-04-15","12","Newborn","Sudden weakness / facial droop","I63","Cerebral infarction","Home / Self Care","Commercial/Private Insurance"
"Suzuki","Tiffany","","2007-11-26","17","White","Female","2025-04-05","2025-04-07","2","Elective","Psychosis / hallucinations / disorganized behavior","F20","Schizophrenia","Home / Self Care","Commercial/Private Insurance"
"Cho","Carlos","","2019-12-24","5","White","Male","2025-03-22","2025-04-05","14","Urgent","Fever / chills / hypotension / altered mental status","A41","Sepsis","Home / Self Care","Commercial/Private Insurance"
"Yoshida","Gregory","Raul","1977-08-08","47","Native Hawaiian or Other Pacific Islander","Male","2025-02-01","2025-02-05","4","Emergency","Chest pain","I21","Acute myocardial infarction","Long-Term Care Hospital","Medicaid"
"Thompson","Rosa","Marquis","1975-01-17","50","White","Female","2025-04-18","2025-04-20","2","Emergency","Knee pain / swelling","M17","Osteoarthritis of knee","Home / Self Care","Medicare"
"Reyes","Natasha","","1995-06-16","29","Unknown","Female","2025-01-09","2025-01-14","5","Emergency","Altered mental status / withdrawal symptoms","F10","Alcohol-related disorders","Home / Self Care","Commercial/Private Insurance"
"Perry","Gabriela","","1982-07-23","42","White","Female","2025-06-28","2025-06-29","1","Urgent","Altered mental status / withdrawal symptoms","F10","Alcohol-related disorders","Home / Self Care","Other Government"
"Pillai","Li","Deepa","1987-05-05","38","White","Female","2025-06-02","2025-06-04","2","Emergency","Fever / infection","A49","Bacterial infection, unspecified","Home / Self Care","Medicare"
"Liang","Ying","Y.","1978-11-24","46","White","Female","2025-05-22","2025-05-25","3","Urgent","Mood disturbance / mania / depression","F31","Bipolar disorder","Home / Self Care","Medicare"
"Kealoha","Seung","D.","1933-06-20","91","White","Male","2025-03-29","2025-04-05","7","Urgent","Seizure","G40","Epilepsy and recurrent seizures","Home / Self Care","Commercial/Private Insurance"
"Benson","Pamela","Tuan","1941-03-25","84","Asian","Female","2025-03-18","2025-03-21","3","Emergency","Palpitations / irregular heartbeat","I48","Atrial fibrillation and flutter","Home / Self Care","Medicare"
"Kato","Eduardo","","2007-05-07","18","White","Male","2025-06-20","2025-06-21","1","Elective","Altered mental status / substance intoxication","F19","Other psychoactive substance disorders","Home with Home Health Services","Medicaid"
"Gao","Tuan","Mariana","2013-08-12","11","White","Male","2025-02-17","2025-03-02","13","Newborn","Abdominal swelling / jaundice","K74","Fibrosis and cirrhosis of liver","Home / Self Care","Medicaid"
"Watts","Bogdan","F.","1957-03-20","67","Asian","Male","2025-02-27","2025-03-04","5","Emergency","Abdominal pain / bloating","K57","Diverticular disease of intestine","Home / Self Care","Commercial/Private Insurance"
"Booker","Hieu","Joshua","1949-07-04","75","White","Male","2025-01-21","2025-01-25","4","Emergency","Cough / fever / chest congestion","J22","Acute lower respiratory infection","Home with Home Health Services","Medicare"
"Menon","Rika","Margaret","2018-11-06","6","Black or African American","Female","2025-01-14","2025-01-17","3","Emergency","Abdominal pain / vomiting / inability to pass stool","K56","Paralytic ileus and intestinal obstruction","Home / Self Care","Self-Pay / Uninsured"
"Taufa","Kenneth","B.","1938-11-20","86","Unknown","Male","2025-02-03","2025-02-05","2","Urgent","Fatigue / weakness / pallor","D64","Other anemias","Home with Home Health Services","Commercial/Private Insurance"
"Iyer","Jian","Rae","2019-05-30","6","Unknown","Male","2025-07-12","2025-07-14","2","Emergency","Redness / swelling / warmth of skin / fever","L03","Cellulitis and acute lymphangitis","Skilled Nursing Facility","Medicaid"
"Murphy","Deborah","Christopher","1997-01-13","28","White","Female","2025-03-19","2025-03-22","3","Urgent","Dizziness / weakness / decreased urine output","E86","Volume depletion/dehydration","Inpatient Rehabilitation Facility","Medicare"
"Taufa","Duc","","2019-02-22","6","White","Male","2025-03-29","2025-04-01","3","Urgent","Fever / cough / shortness of breath","J18","Pneumonia, unspecified organism","Home / Self Care","Self-Pay / Uninsured"
"Ortega","Amy","Yan","1996-07-08","28","White","Female","2025-01-15","2025-01-23","8","Newborn","Urinary frequency / burning / fever","N39","Other disorders of urinary system","Skilled Nursing Facility","Medicare"
"Jenkins","Tariq","","1939-08-02","85","Unknown","Male","2025-07-04","2025-07-10","6","Emergency","Flank pain / urinary difficulty","N13","Obstructive and reflux uropathy","Skilled Nursing Facility","Medicare"
"Morales","Charles","Miguel","2006-05-11","18","White","Male","2025-03-20","2025-03-26","6","Urgent","Redness / swelling / warmth of skin / fever","L03","Cellulitis and acute lymphangitis","Home with Home Health Services","Commercial/Private Insurance"
"Walker","Yuki","","2020-08-10","4","Black or African American","Male","2025-05-29","2025-06-08","10","Emergency","Decreased urine output / swelling","N17","Acute kidney failure","Home / Self Care","Commercial/Private Insurance"
"Cox","Lamar","Kenji","1958-04-27","67","White","Male","2025-05-23","2025-06-03","11","Urgent","Hip pain / fall / inability to bear weight","S72","Fracture of femur","Home / Self Care","Medicare"
"Le","Nicholas","K.","1941-02-01","84","Unknown","Male","2025-03-08","2025-03-12","4","Urgent","Depression / suicidal ideation","F32","Major depressive disorder, single episode","Skilled Nursing Facility","Self-Pay / Uninsured"
"Nelson","Mai","Raymond","1942-11-03","82","Asian","Female","2025-03-19","2025-03-28","9","Elective","Fever / chills / hypotension / altered mental status","A41","Sepsis","Skilled Nursing Facility","Medicare"
"Roberts","James","","1960-11-17","64","Asian","Male","2025-06-04","2025-06-07","3","Emergency","Psychosis / hallucinations / disorganized behavior","F20","Schizophrenia","Home / Self Care","Medicaid"
"Jenkins","Suresh","Yuki","1939-09-28","85","Asian","Male","2025-01-14","2025-01-18","4","Elective","Shortness of breath / leg swelling","I50","Heart failure","Home with Home Health Services","Medicare"
"Wood","Tiffany","K.","1976-02-18","49","White","Female","2025-05-18","2025-05-20","2","Urgent","Insomnia / excessive daytime sleepiness","G47","Sleep disorders","Home / Self Care","Commercial/Private Insurance"
"Sharma","Juan","","1969-07-05","56","White","Male","2025-07-04","2025-07-15","11","Emergency","Abdominal pain / bloating","K57","Diverticular disease of intestine","Home / Self Care","Other Government"
"King","Heather","Sione","1942-12-28","82","Asian","Female","2025-07-21","2025-08-07","17","Emergency","Respiratory distress","J96","Respiratory failure","Home with Home Health Services","Medicare"
"Khalil","Hyejin","Camila","1961-05-04","63","White","Female","2025-02-27","2025-02-28","1","Elective","Back pain","M54","Dorsalgia","Skilled Nursing Facility","Other / Unknown"
"Morris","James","","2010-08-27","14","Asian","Male","2025-06-10","2025-06-12","2","Emergency","Weight-related complications","E66","Obesity","Home / Self Care","Commercial/Private Insurance"
"Castillo","Arjun","","1983-09-12","41","Asian","Male","2025-01-12","2025-01-23","11","Urgent","Shortness of breath / wheezing","J44","Chronic obstructive pulmonary disease","Hospice - Home","Self-Pay / Uninsured"
"Hassan","Stephanie","L.","1971-05-10","53","Black or African American","Female","2025-01-31","2025-02-01","1","Elective","Redness / swelling / warmth of skin / fever","L03","Cellulitis and acute lymphangitis","Home / Self Care","Medicare"
"Watts","Daniela","Benjamin","2023-10-10","1","Black or African American","Female","2025-02-03","2025-02-12","9","Emergency","Pain management","G89","Pain not elsewhere classified","Home / Self Care","Medicaid"
"Watson","Stephen","","1932-11-19","92","White","Male","2025-02-06","2025-02-09","3","Urgent","Cough / hemoptysis / weight loss","C34","Malignant neoplasm of bronchus and lung","Home / Self Care","Medicare"
"Mehta","Bogdan","","1994-04-02","31","White","Male","2025-04-07","2025-04-13","6","Elective","Palpitations / irregular heartbeat","I48","Atrial fibrillation and flutter","Home / Self Care","Commercial/Private Insurance"
"Shah","Bogdan","","1987-08-19","37","White","Male","2025-05-16","2025-05-20","4","Elective","Elevated blood pressure / headache","I10","Essential hypertension","Home / Self Care","Commercial/Private Insurance"
"Gray","Antonio","Lan","2005-04-02","20","Unknown","Male","2025-07-28","2025-08-10","13","Emergency","Seizure","G40","Epilepsy and recurrent seizures","Home with Home Health Services","Commercial/Private Insurance"
"Yamamoto","Emma","Raymond","1972-06-29","52","White","Female","2025-04-01","2025-04-08","7","Urgent","Elevated blood sugar / fatigue / frequent urination","E11","Type 2 diabetes mellitus","Long-Term Care Hospital","Commercial/Private Insurance"
"Ward","Rebecca","Fernanda","1953-03-24","71","Asian","Female","2025-02-16","2025-02-20","4","Emergency","Forearm pain / trauma","S52","Fracture of forearm","Home / Self Care","Medicare"
